id,retweeted_status.id,created_at,retweeted_status.created_at,user.screen_name,user.id,user.followers_count,user.friends_count,retweeted_status.user.screen_name,retweeted_status.user.id,retweeted_status.user.followers_count,retweeted_status.user.friends_count
retweeted_status.retweet_count
796911818614730752,788912595189112832,Fri Nov 11 03:05:58 +0000 2016,Thu Oct 20 01:19:54 +0000 2016,kkenzielesterr,787417724104298496,27,102,USAneedsTRUMP,3974665634,35679,1810,3737
797054493737254912,788912595189112832,Fri Nov 11 12:32:54 +0000 2016,Thu Oct 20 01:19:54 +0000 2016,danastiltner,712953880,566,252,USAneedsTRUMP,3974665634,35774,1811,3738
797208013031415809,788912595189112832,Fri Nov 11 22:42:56 +0000 2016,Thu Oct 20 01:19:54 +0000 2016,valueselman,3223933464,5083,70,USAneedsTRUMP,3974665634,35886,1811,3739
797912075703984128,788912595189112832,Sun Nov 13 21:20:37 +0000 2016,Thu Oct 20 01:19:54 +0000 2016,matthew_sassy3,3532355125,36,144,USAneedsTRUMP,3974665634,36248,1813,3739
798823853711466496,365694278845997057,Wed Nov 16 09:43:42 +0000 2016,Fri Aug 09 04:41:25 +0000 2013,Cosmo_Edits,2934107716,847,154,realDonaldTrump,25073877,15206459,41,1039
799633450194104320,365694278845997057,Fri Nov 18 15:20:45 +0000 2016,Fri Aug 09 04:41:25 +0000 2013,snooddood7,454537330,140,485,realDonaldTrump,25073877,15399572,41,1039
799633455193657344,365694278845997057,Fri Nov 18 15:20:46 +0000 2016,Fri Aug 09 04:41:25 +0000 2013,the_real_matt_m,108993687,540,1057,realDonaldTrump,25073877,15399572,41,1040
800073495271145472,788912595189112832,Sat Nov 19 20:29:20 +0000 2016,Thu Oct 20 01:19:54 +0000 2016,ElizabethLHal,731954989996773376,49,83,USAneedsTRUMP,3974665634,36632,1812,3736
801451452027858944,788912595189112832,Wed Nov 23 15:44:51 +0000 2016,Thu Oct 20 01:19:54 +0000 2016,BrentPayne59,2609806866,489,680,USAneedsTRUMP,3974665634,36777,1813,3730
801498100485550080,788912595189112832,Wed Nov 23 18:50:12 +0000 2016,Thu Oct 20 01:19:54 +0000 2016,staffor_peter,778972317632397312,327,1002,USAneedsTRUMP,3974665634,36774,1812,3731
803337966705786880,365694278845997057,Mon Nov 28 20:41:11 +0000 2016,Fri Aug 09 04:41:25 +0000 2013,SisypheanSperg,800209150563086340,183,322,realDonaldTrump,25073877,16205983,40,1038
803340779653648397,365694278845997057,Mon Nov 28 20:52:21 +0000 2016,Fri Aug 09 04:41:25 +0000 2013,fwra1234,519112789,2247,878,realDonaldTrump,25073877,16206570,40,1039
803341207963312128,365694278845997057,Mon Nov 28 20:54:03 +0000 2016,Fri Aug 09 04:41:25 +0000 2013,yungjimb0,2402078420,947,344,realDonaldTrump,25073877,16206676,40,1040
803342003161415680,365694278845997057,Mon Nov 28 20:57:13 +0000 2016,Fri Aug 09 04:41:25 +0000 2013,TSHalalbe,1426411597,368,206,realDonaldTrump,25073877,16206829,40,1041
803360100492644352,365694278845997057,Mon Nov 28 22:09:08 +0000 2016,Fri Aug 09 04:41:25 +0000 2013,SilverShiruba,626729474,651,131,realDonaldTrump,25073877,16210862,40,1042
803361684958150656,365694278845997057,Mon Nov 28 22:15:26 +0000 2016,Fri Aug 09 04:41:25 +0000 2013,EnwroughtDreams,2876378805,1459,1074,realDonaldTrump,25073877,16211221,40,1043
803361874414813184,365694278845997057,Mon Nov 28 22:16:11 +0000 2016,Fri Aug 09 04:41:25 +0000 2013,PeenusWeenus,2914116544,2443,1898,realDonaldTrump,25073877,16211257,40,1044
803362187142119424,365694278845997057,Mon Nov 28 22:17:25 +0000 2016,Fri Aug 09 04:41:25 +0000 2013,PI20XY,2775294374,1924,1367,realDonaldTrump,25073877,16211342,40,1045
803362322966253568,365694278845997057,Mon Nov 28 22:17:58 +0000 2016,Fri Aug 09 04:41:25 +0000 2013,DubsPL,2457934788,838,501,realDonaldTrump,25073877,16211368,40,1046
803363147935580160,365694278845997057,Mon Nov 28 22:21:14 +0000 2016,Fri Aug 09 04:41:25 +0000 2013,Alfiekin,1013434646,563,148,realDonaldTrump,25073877,16211554,40,1047
803363726388760581,365694278845997057,Mon Nov 28 22:23:32 +0000 2016,Fri Aug 09 04:41:25 +0000 2013,destroyfrog,1108445132,1466,422,realDonaldTrump,25073877,16211675,40,1048
803363824309039104,365694278845997057,Mon Nov 28 22:23:56 +0000 2016,Fri Aug 09 04:41:25 +0000 2013,_Nargacuga,1679901890,371,335,realDonaldTrump,25073877,16211698,40,1049
803363964486873088,365694278845997057,Mon Nov 28 22:24:29 +0000 2016,Fri Aug 09 04:41:25 +0000 2013,hxzero,66542737,812,1699,realDonaldTrump,25073877,16211741,40,1050
803364073517760512,365694278845997057,Mon Nov 28 22:24:55 +0000 2016,Fri Aug 09 04:41:25 +0000 2013,masklayer,2403819871,282,1262,realDonaldTrump,25073877,16211768,40,1051
803364083537940480,365694278845997057,Mon Nov 28 22:24:57 +0000 2016,Fri Aug 09 04:41:25 +0000 2013,Hitoshura,3166039508,1745,287,realDonaldTrump,25073877,16211773,40,1052
803364279701409792,365694278845997057,Mon Nov 28 22:25:44 +0000 2016,Fri Aug 09 04:41:25 +0000 2013,Tockytoes,2955898581,108,311,realDonaldTrump,25073877,16211802,40,1053
803364769637994501,365694278845997057,Mon Nov 28 22:27:41 +0000 2016,Fri Aug 09 04:41:25 +0000 2013,dopenigga300,3463721902,88,111,realDonaldTrump,25073877,16211920,40,1054
803364982087892993,365694278845997057,Mon Nov 28 22:28:32 +0000 2016,Fri Aug 09 04:41:25 +0000 2013,BurlyBearcat,981149515,266,222,realDonaldTrump,25073877,16211997,40,1055
803365088249913348,365694278845997057,Mon Nov 28 22:28:57 +0000 2016,Fri Aug 09 04:41:25 +0000 2013,209twitch,263861118,1355,498,realDonaldTrump,25073877,16212023,40,1056
803365879572353024,365694278845997057,Mon Nov 28 22:32:06 +0000 2016,Fri Aug 09 04:41:25 +0000 2013,SORS_Bot,791444810607497217,56,125,realDonaldTrump,25073877,16212202,40,1057
803366382947696640,365694278845997057,Mon Nov 28 22:34:06 +0000 2016,Fri Aug 09 04:41:25 +0000 2013,RazalasTrebla,784830270,358,684,realDonaldTrump,25073877,16212282,40,1058
803366601315729410,365694278845997057,Mon Nov 28 22:34:58 +0000 2016,Fri Aug 09 04:41:25 +0000 2013,horchathot,159169721,921,246,realDonaldTrump,25073877,16212339,40,1059
803367590252965888,365694278845997057,Mon Nov 28 22:38:54 +0000 2016,Fri Aug 09 04:41:25 +0000 2013,bound_02,704139603079397376,195,210,realDonaldTrump,25073877,16212549,40,1060
803368371295232005,365694278845997057,Mon Nov 28 22:42:00 +0000 2016,Fri Aug 09 04:41:25 +0000 2013,ExcaliburLost,502368920,633,740,realDonaldTrump,25073877,16212694,40,1061
803368439561748481,365694278845997057,Mon Nov 28 22:42:16 +0000 2016,Fri Aug 09 04:41:25 +0000 2013,siIlygoose,2787187088,211,179,realDonaldTrump,25073877,16212711,40,1062
803368876465684480,365694278845997057,Mon Nov 28 22:44:00 +0000 2016,Fri Aug 09 04:41:25 +0000 2013,KayOfToday,71652420,2292,373,realDonaldTrump,25073877,16212798,40,1063
803369109991919616,365694278845997057,Mon Nov 28 22:44:56 +0000 2016,Fri Aug 09 04:41:25 +0000 2013,ratfathers,3413279938,111,206,realDonaldTrump,25073877,16212854,40,1064
803379335973441536,365694278845997057,Mon Nov 28 23:25:34 +0000 2016,Fri Aug 09 04:41:25 +0000 2013,bradleyechoes,2890072030,15,128,realDonaldTrump,25073877,16215081,40,1066
803391591931117568,365694278845997057,Tue Nov 29 00:14:16 +0000 2016,Fri Aug 09 04:41:25 +0000 2013,StinsonEsteban,2448824099,118,113,realDonaldTrump,25073877,16217967,40,1066
803513864172302336,365694278845997057,Tue Nov 29 08:20:08 +0000 2016,Fri Aug 09 04:41:25 +0000 2013,Kuzunoha_Raido,2297123872,1440,512,realDonaldTrump,25073877,16240697,40,1067
803513965682847748,365694278845997057,Tue Nov 29 08:20:32 +0000 2016,Fri Aug 09 04:41:25 +0000 2013,ContentCops,499617752,3588,337,realDonaldTrump,25073877,16240708,40,1068
803514382600826880,365694278845997057,Tue Nov 29 08:22:12 +0000 2016,Fri Aug 09 04:41:25 +0000 2013,Prowler5X5,4828981965,354,278,realDonaldTrump,25073877,16240753,40,1069
803515350570663936,365694278845997057,Tue Nov 29 08:26:02 +0000 2016,Fri Aug 09 04:41:25 +0000 2013,wholehog_,766007445860847616,63,103,realDonaldTrump,25073877,16240869,40,1070
803555404957433856,365694278845997057,Tue Nov 29 11:05:12 +0000 2016,Fri Aug 09 04:41:25 +0000 2013,LeniWodring,2868384747,278,224,realDonaldTrump,25073877,16244794,40,1071
803559209690341376,365694278845997057,Tue Nov 29 11:20:19 +0000 2016,Fri Aug 09 04:41:25 +0000 2013,NotASkeleton_,3238497801,230,238,realDonaldTrump,25073877,16245165,40,1072
803560751952785408,365694278845997057,Tue Nov 29 11:26:27 +0000 2016,Fri Aug 09 04:41:25 +0000 2013,IgnobleImpFalz,3040693218,523,571,realDonaldTrump,25073877,16245341,40,1073
803561039727968256,365694278845997057,Tue Nov 29 11:27:35 +0000 2016,Fri Aug 09 04:41:25 +0000 2013,trilllizard420,2792243463,233,416,realDonaldTrump,25073877,16245429,40,1074
803561088667164672,365694278845997057,Tue Nov 29 11:27:47 +0000 2016,Fri Aug 09 04:41:25 +0000 2013,SkoomaPipe2,800269511718879234,353,253,realDonaldTrump,25073877,16245434,40,1075
803561335204315136,365694278845997057,Tue Nov 29 11:28:46 +0000 2016,Fri Aug 09 04:41:25 +0000 2013,CommanderLovely,159307390,10111,571,realDonaldTrump,25073877,16245412,40,1076
803561341415866368,365694278845997057,Tue Nov 29 11:28:47 +0000 2016,Fri Aug 09 04:41:25 +0000 2013,coolestguyontwi,4762764188,1088,267,realDonaldTrump,25073877,16245459,40,1077
803561603870363648,365694278845997057,Tue Nov 29 11:29:50 +0000 2016,Fri Aug 09 04:41:25 +0000 2013,phozonhanabi,2248041456,800,597,realDonaldTrump,25073877,16245437,40,1078
803562386582097920,365694278845997057,Tue Nov 29 11:32:57 +0000 2016,Fri Aug 09 04:41:25 +0000 2013,NoMemesNoTalk,1544698226,100,225,realDonaldTrump,25073877,16245522,40,1079
803562899465605120,365694278845997057,Tue Nov 29 11:34:59 +0000 2016,Fri Aug 09 04:41:25 +0000 2013,HipstaKevin,507303199,564,420,realDonaldTrump,25073877,16245629,40,1080
803564210936541185,365694278845997057,Tue Nov 29 11:40:12 +0000 2016,Fri Aug 09 04:41:25 +0000 2013,ElectricSkylab,500025425,86,93,realDonaldTrump,25073877,16245707,40,1081
803566271325302784,365694278845997057,Tue Nov 29 11:48:23 +0000 2016,Fri Aug 09 04:41:25 +0000 2013,zimboobwe,430247366,223,126,realDonaldTrump,25073877,16245977,40,1082
803571095030890496,365694278845997057,Tue Nov 29 12:07:33 +0000 2016,Fri Aug 09 04:41:25 +0000 2013,Bounty_Kun,1155470035,1344,398,realDonaldTrump,25073877,16246728,40,1083
803575453315428352,365694278845997057,Tue Nov 29 12:24:52 +0000 2016,Fri Aug 09 04:41:25 +0000 2013,GodOfPunchs,605201251,57,38,realDonaldTrump,25073877,16247641,40,1084
803580771072114688,365694278845997057,Tue Nov 29 12:46:00 +0000 2016,Fri Aug 09 04:41:25 +0000 2013,somegoy123,2257181077,37,188,realDonaldTrump,25073877,16248766,40,1085
803584016448360448,365694278845997057,Tue Nov 29 12:58:54 +0000 2016,Fri Aug 09 04:41:25 +0000 2013,DykeFetishist,935244078,491,100,realDonaldTrump,25073877,16249503,40,1086
803586738002284545,365694278845997057,Tue Nov 29 13:09:42 +0000 2016,Fri Aug 09 04:41:25 +0000 2013,Mrliberalnerd,106176871,201,464,realDonaldTrump,25073877,16250077,40,1087
803586811683540992,365694278845997057,Tue Nov 29 13:10:00 +0000 2016,Fri Aug 09 04:41:25 +0000 2013,Twinkyman_,1615691796,222,393,realDonaldTrump,25073877,16250096,40,1088
803592358541533188,365694278845997057,Tue Nov 29 13:32:02 +0000 2016,Fri Aug 09 04:41:25 +0000 2013,tondog,16857151,1199,832,realDonaldTrump,25073877,16251536,40,1089
803613935106662405,365694278845997057,Tue Nov 29 14:57:47 +0000 2016,Fri Aug 09 04:41:25 +0000 2013,Bames0,271596194,168,223,realDonaldTrump,25073877,16257921,40,1090
803616299930763264,365694278845997057,Tue Nov 29 15:07:11 +0000 2016,Fri Aug 09 04:41:25 +0000 2013,BlitzkriegATX,553185702,86,338,realDonaldTrump,25073877,16258617,40,1091
803627394812608512,365694278845997057,Tue Nov 29 15:51:16 +0000 2016,Fri Aug 09 04:41:25 +0000 2013,KeikakuKat,614820968,1326,619,realDonaldTrump,25073877,16262254,40,1092
803628021064335360,365694278845997057,Tue Nov 29 15:53:45 +0000 2016,Fri Aug 09 04:41:25 +0000 2013,kawaiiDanuki,164936563,33,164,realDonaldTrump,25073877,16262416,40,1093
803650569730568192,365694278845997057,Tue Nov 29 17:23:21 +0000 2016,Fri Aug 09 04:41:25 +0000 2013,BlacktusJack,1617147444,1081,829,realDonaldTrump,25073877,16269930,40,1094
803650726329286656,365694278845997057,Tue Nov 29 17:23:58 +0000 2016,Fri Aug 09 04:41:25 +0000 2013,jakebitesdog,3380875193,91,112,realDonaldTrump,25073877,16269943,40,1095
803650959775711232,365694278845997057,Tue Nov 29 17:24:54 +0000 2016,Fri Aug 09 04:41:25 +0000 2013,BarackSaysWooo,3428785433,493,190,realDonaldTrump,25073877,16270053,40,1096
803651201296306176,365694278845997057,Tue Nov 29 17:25:52 +0000 2016,Fri Aug 09 04:41:25 +0000 2013,TastelessOne,24652542,92,110,realDonaldTrump,25073877,16270139,40,1097
803651267306237953,365694278845997057,Tue Nov 29 17:26:07 +0000 2016,Fri Aug 09 04:41:25 +0000 2013,1mCreative,1479880422,238,514,realDonaldTrump,25073877,16270158,40,1098
803651749802287105,365694278845997057,Tue Nov 29 17:28:02 +0000 2016,Fri Aug 09 04:41:25 +0000 2013,darkodiggler,4007149396,71,103,realDonaldTrump,25073877,16270250,40,1098
803651749802287105,365694278845997057,Tue Nov 29 17:28:02 +0000 2016,Fri Aug 09 04:41:25 +0000 2013,darkodiggler,4007149396,71,103,realDonaldTrump,25073877,16270250,40,1098
803652350955163648,365694278845997057,Tue Nov 29 17:30:26 +0000 2016,Fri Aug 09 04:41:25 +0000 2013,LINhares_Sanity,363703523,510,620,realDonaldTrump,25073877,16270436,40,1099
803652352582549504,365694278845997057,Tue Nov 29 17:30:26 +0000 2016,Fri Aug 09 04:41:25 +0000 2013,frickmemes666,3314455391,155,427,realDonaldTrump,25073877,16270437,40,1100
803667316806471680,365694278845997057,Tue Nov 29 18:29:54 +0000 2016,Fri Aug 09 04:41:25 +0000 2013,TonyNorcia3,867938252,564,327,realDonaldTrump,25073877,16274957,40,1101
803677150800814080,365694278845997057,Tue Nov 29 19:08:59 +0000 2016,Fri Aug 09 04:41:25 +0000 2013,LordBaelish643,804109814,524,1237,realDonaldTrump,25073877,16277879,40,1102
803699936588013568,365694278845997057,Tue Nov 29 20:39:31 +0000 2016,Fri Aug 09 04:41:25 +0000 2013,Sal98989,51909764,182,205,realDonaldTrump,25073877,16284406,40,1103
803992120549740544,365694278845997057,Wed Nov 30 16:00:33 +0000 2016,Fri Aug 09 04:41:25 +0000 2013,Smexyhair,855817688,62,306,realDonaldTrump,25073877,16373880,41,1104
804208098877456384,365694278845997057,Thu Dec 01 06:18:46 +0000 2016,Fri Aug 09 04:41:25 +0000 2013,JERKClTY,2381735166,897,343,realDonaldTrump,25073877,16420332,40,1104
804208359666761728,365694278845997057,Thu Dec 01 06:19:49 +0000 2016,Fri Aug 09 04:41:25 +0000 2013,_tyrfing,2875882289,1212,291,realDonaldTrump,25073877,16420303,40,1105
804209510495780864,365694278845997057,Thu Dec 01 06:24:23 +0000 2016,Fri Aug 09 04:41:25 +0000 2013,sproutdash,4836107061,310,105,realDonaldTrump,25073877,16420429,40,1106
804210969119510528,365694278845997057,Thu Dec 01 06:30:11 +0000 2016,Fri Aug 09 04:41:25 +0000 2013,WaifuKaori,3390221867,350,221,realDonaldTrump,25073877,16420622,40,1107
804212297967304704,365694278845997057,Thu Dec 01 06:35:28 +0000 2016,Fri Aug 09 04:41:25 +0000 2013,Iycanroc,143232922,221,549,realDonaldTrump,25073877,16420765,40,1108
804212373863235584,365694278845997057,Thu Dec 01 06:35:46 +0000 2016,Fri Aug 09 04:41:25 +0000 2013,ZaWarudad,420717649,784,431,realDonaldTrump,25073877,16420771,40,1109
820390166204321792,365694278845997057,Sat Jan 14 22:00:32 +0000 2017,Fri Aug 09 04:41:25 +0000 2013,TENKOHIJIKATA,1082782201,6926,91,realDonaldTrump,25073877,19848014,42,1096
820912068509302784,365694278845997057,Mon Jan 16 08:34:23 +0000 2017,Fri Aug 09 04:41:25 +0000 2013,mearmsmearms,4708960514,80,501,realDonaldTrump,25073877,19989843,42,1096
822521435595960324,365694278845997057,Fri Jan 20 19:09:26 +0000 2017,Fri Aug 09 04:41:25 +0000 2013,Interstate_85,248446275,1156,3806,realDonaldTrump,25073877,20706422,42,1100
822521095752450048,365694278845997057,Fri Jan 20 19:08:05 +0000 2017,Fri Aug 09 04:41:25 +0000 2013,LiloZXG,770071573818638341,401,136,realDonaldTrump,25073877,20705757,42,1096
822522527444508672,365694278845997057,Fri Jan 20 19:13:46 +0000 2017,Fri Aug 09 04:41:25 +0000 2013,michaelclayt0n1,742762550446559233,183,103,realDonaldTrump,25073877,20708668,42,1106
822522527444508672,365694278845997057,Fri Jan 20 19:13:46 +0000 2017,Fri Aug 09 04:41:25 +0000 2013,michaelclayt0n1,742762550446559233,183,103,realDonaldTrump,25073877,20708668,42,1106
822527967498797056,365694278845997057,Fri Jan 20 19:35:23 +0000 2017,Fri Aug 09 04:41:25 +0000 2013,malfoy_irl,389749514,172,305,realDonaldTrump,25073877,20718793,42,1111
822528644090368005,365694278845997057,Fri Jan 20 19:38:05 +0000 2017,Fri Aug 09 04:41:25 +0000 2013,MemeMaster9001,2806413011,90,149,realDonaldTrump,25073877,20720063,42,1112
822521522954768384,365694278845997057,Fri Jan 20 19:09:47 +0000 2017,Fri Aug 09 04:41:25 +0000 2013,HOXF0UND,778474971702198273,318,419,realDonaldTrump,25073877,20706438,42,1101
822521337642041345,365694278845997057,Fri Jan 20 19:09:03 +0000 2017,Fri Aug 09 04:41:25 +0000 2013,Helma_Lennartz,199152115,691,748,realDonaldTrump,25073877,20706102,42,1098
822524103496085504,365694278845997057,Fri Jan 20 19:20:02 +0000 2017,Fri Aug 09 04:41:25 +0000 2013,PashaKharmov,817265001710788611,90,277,realDonaldTrump,25073877,20711488,42,1110
822535916568903685,365694278845997057,Fri Jan 20 20:06:59 +0000 2017,Fri Aug 09 04:41:25 +0000 2013,MellonFollie,59995042,1626,4975,realDonaldTrump,25073877,20731873,42,1113
822537084800008193,365694278845997057,Fri Jan 20 20:11:37 +0000 2017,Fri Aug 09 04:41:25 +0000 2013,nazbowling,766117315003940864,192,123,realDonaldTrump,25073877,20734080,42,1114
822524850073833473,365694278845997057,Fri Jan 20 19:23:00 +0000 2017,Fri Aug 09 04:41:25 +0000 2013,skwrk,21537801,41,181,realDonaldTrump,25073877,20712827,42,1111
822540981430087681,788912595189112832,Fri Jan 20 20:27:06 +0000 2017,Thu Oct 20 01:19:54 +0000 2016,VannessaAgnew,813727703882993665,20,120,USAneedsTRUMP,3974665634,40896,1794,3675
822524103496085504,365694278845997057,Fri Jan 20 19:20:02 +0000 2017,Fri Aug 09 04:41:25 +0000 2013,PashaKharmov,817265001710788611,90,277,realDonaldTrump,25073877,20711488,42,1110
823082889499803648,365694278845997057,Sun Jan 22 08:20:27 +0000 2017,Fri Aug 09 04:41:25 +0000 2013,ryanbarrisbased,475291690,2709,609,realDonaldTrump,25073877,21271184,41,1114
823083045553106944,365694278845997057,Sun Jan 22 08:21:04 +0000 2017,Fri Aug 09 04:41:25 +0000 2013,iH8RealLife,576804571,177,201,realDonaldTrump,25073877,21271264,41,1115
823083522785046531,365694278845997057,Sun Jan 22 08:22:58 +0000 2017,Fri Aug 09 04:41:25 +0000 2013,bodeined,2175190135,554,87,realDonaldTrump,25073877,21271619,41,1116
823083699390607360,365694278845997057,Sun Jan 22 08:23:40 +0000 2017,Fri Aug 09 04:41:25 +0000 2013,lys700,4847762753,105,79,realDonaldTrump,25073877,21271571,41,1117
823083796413095936,365694278845997057,Sun Jan 22 08:24:03 +0000 2017,Fri Aug 09 04:41:25 +0000 2013,TwoZeroSixGod,3051822049,2942,991,realDonaldTrump,25073877,21271747,41,1118
823084166413750273,365694278845997057,Sun Jan 22 08:25:32 +0000 2017,Fri Aug 09 04:41:25 +0000 2013,cunniada,715537693644599296,119,307,realDonaldTrump,25073877,21271765,41,1119
823084179617288192,365694278845997057,Sun Jan 22 08:25:35 +0000 2017,Fri Aug 09 04:41:25 +0000 2013,ANDYINTERNETS,150342980,1247,446,realDonaldTrump,25073877,21271912,41,1120
823084230909526017,365694278845997057,Sun Jan 22 08:25:47 +0000 2017,Fri Aug 09 04:41:25 +0000 2013,imfinnanutb,2792862451,344,150,realDonaldTrump,25073877,21271799,41,1121
823084303571701760,365694278845997057,Sun Jan 22 08:26:04 +0000 2017,Fri Aug 09 04:41:25 +0000 2013,nott_terrible,897717499,208,253,realDonaldTrump,25073877,21271832,41,1122
823084417501446146,365694278845997057,Sun Jan 22 08:26:31 +0000 2017,Fri Aug 09 04:41:25 +0000 2013,THEjoeydavis,265001718,219,420,realDonaldTrump,25073877,21272041,41,1123
823084803415080960,365694278845997057,Sun Jan 22 08:28:03 +0000 2017,Fri Aug 09 04:41:25 +0000 2013,benghazi_emails,41919012,648,1428,realDonaldTrump,25073877,21272247,41,1124
823085355570081792,365694278845997057,Sun Jan 22 08:30:15 +0000 2017,Fri Aug 09 04:41:25 +0000 2013,TJBNZ,208220080,1264,304,realDonaldTrump,25073877,21272513,41,1125
823085835759259648,365694278845997057,Sun Jan 22 08:32:10 +0000 2017,Fri Aug 09 04:41:25 +0000 2013,hsvnia,3097383315,54,52,realDonaldTrump,25073877,21272615,41,1126
823087338083536896,365694278845997057,Sun Jan 22 08:38:08 +0000 2017,Fri Aug 09 04:41:25 +0000 2013,kivothe,703810529064648704,346,174,realDonaldTrump,25073877,21273441,41,1127
823087449400295424,365694278845997057,Sun Jan 22 08:38:34 +0000 2017,Fri Aug 09 04:41:25 +0000 2013,Tigerfire12,1419546439,200,367,realDonaldTrump,25073877,21273507,41,1128
823088242404839424,365694278845997057,Sun Jan 22 08:41:43 +0000 2017,Fri Aug 09 04:41:25 +0000 2013,gurdubu,3065924379,288,429,realDonaldTrump,25073877,21273950,41,1129
823095099814907904,365694278845997057,Sun Jan 22 09:08:58 +0000 2017,Fri Aug 09 04:41:25 +0000 2013,MikedaBomb321,631696221,89,427,realDonaldTrump,25073877,21277342,41,1130
823098053183807489,365694278845997057,Sun Jan 22 09:20:42 +0000 2017,Fri Aug 09 04:41:25 +0000 2013,ryko1212,804917705912553472,41,103,realDonaldTrump,25073877,21278739,41,1131
823149171343589376,365694278845997057,Sun Jan 22 12:43:50 +0000 2017,Fri Aug 09 04:41:25 +0000 2013,spenceforg,3311630006,340,349,realDonaldTrump,25073877,21301362,41,1132
823186202123702274,365694278845997057,Sun Jan 22 15:10:59 +0000 2017,Fri Aug 09 04:41:25 +0000 2013,gangerodelicado,729576645267333120,2415,373,realDonaldTrump,25073877,21340335,41,1132
823187415883988993,365694278845997057,Sun Jan 22 15:15:48 +0000 2017,Fri Aug 09 04:41:25 +0000 2013,TeeSaxx,580112447,903,754,realDonaldTrump,25073877,21341815,41,1133
823191941923778560,365694278845997057,Sun Jan 22 15:33:47 +0000 2017,Fri Aug 09 04:41:25 +0000 2013,chanelsface,572078918,1019,90,realDonaldTrump,25073877,21347902,41,1137
823192162640785409,365694278845997057,Sun Jan 22 15:34:40 +0000 2017,Fri Aug 09 04:41:25 +0000 2013,aliahmadiyan3,822103456110571521,28,87,realDonaldTrump,25073877,21347941,41,1138
823193606064222209,365694278845997057,Sun Jan 22 15:40:24 +0000 2017,Fri Aug 09 04:41:25 +0000 2013,veryrareurl,602588128,922,379,realDonaldTrump,25073877,21350056,41,1138
823193903939592192,365694278845997057,Sun Jan 22 15:41:35 +0000 2017,Fri Aug 09 04:41:25 +0000 2013,TimDragonwagon,376923238,184,362,realDonaldTrump,25073877,21350272,41,1139
823199691655577601,365694278845997057,Sun Jan 22 16:04:35 +0000 2017,Fri Aug 09 04:41:25 +0000 2013,jorgepita778,129527211,357,290,realDonaldTrump,25073877,21357612,41,1140
823200438405238785,365694278845997057,Sun Jan 22 16:07:33 +0000 2017,Fri Aug 09 04:41:25 +0000 2013,bapeshits,4761003570,106,28,realDonaldTrump,25073877,21358543,41,1141
823204240709578752,365694278845997057,Sun Jan 22 16:22:40 +0000 2017,Fri Aug 09 04:41:25 +0000 2013,coreyeezy,634308391,573,574,realDonaldTrump,25073877,21363573,41,1142
823208021727838209,365694278845997057,Sun Jan 22 16:37:41 +0000 2017,Fri Aug 09 04:41:25 +0000 2013,Zarathustra,1733530549,192,129,realDonaldTrump,25073877,21368671,41,1143
823209141028188160,365694278845997057,Sun Jan 22 16:42:08 +0000 2017,Fri Aug 09 04:41:25 +0000 2013,madelinepowers0,3196371359,218,443,realDonaldTrump,25073877,21370098,41,1144
823214901648883713,365694278845997057,Sun Jan 22 17:05:01 +0000 2017,Fri Aug 09 04:41:25 +0000 2013,heckIing,3267497185,880,83,realDonaldTrump,25073877,21378674,41,1145
823222520526487553,365694278845997057,Sun Jan 22 17:35:18 +0000 2017,Fri Aug 09 04:41:25 +0000 2013,mccracken_bro,360363677,543,533,realDonaldTrump,25073877,21389237,41,1146
823239686982340609,365694278845997057,Sun Jan 22 18:43:31 +0000 2017,Fri Aug 09 04:41:25 +0000 2013,seabayer,889629919,706,293,realDonaldTrump,25073877,21409419,41,1147
823276324974428161,365694278845997057,Sun Jan 22 21:09:06 +0000 2017,Fri Aug 09 04:41:25 +0000 2013,ehsvrb,2743090091,359,237,realDonaldTrump,25073877,21449827,41,1147
823341261033799680,365694278845997057,Mon Jan 23 01:27:08 +0000 2017,Fri Aug 09 04:41:25 +0000 2013,Dank_Bars,4720427302,63,80,realDonaldTrump,25073877,21506730,41,1147
823382808823533568,365694278845997057,Mon Jan 23 04:12:13 +0000 2017,Fri Aug 09 04:41:25 +0000 2013,lowtide_lowlife,499297303,505,705,realDonaldTrump,25073877,21536209,41,1148
823385273019015170,365694278845997057,Mon Jan 23 04:22:01 +0000 2017,Fri Aug 09 04:41:25 +0000 2013,_bacongod_,470837574,655,465,realDonaldTrump,25073877,21537838,41,1149
823395401210413058,365694278845997057,Mon Jan 23 05:02:16 +0000 2017,Fri Aug 09 04:41:25 +0000 2013,aubz_hawn,4194657623,249,155,realDonaldTrump,25073877,21543776,41,1150
824170210009747456,365694278845997057,Wed Jan 25 08:21:05 +0000 2017,Fri Aug 09 04:41:25 +0000 2013,sp404sx,2518998564,177,134,realDonaldTrump,25073877,21900147,41,1150
824170903869288448,365694278845997057,Wed Jan 25 08:23:50 +0000 2017,Fri Aug 09 04:41:25 +0000 2013,beside,2999691080,1483,88,realDonaldTrump,25073877,21900419,41,1151
824171045460541440,365694278845997057,Wed Jan 25 08:24:24 +0000 2017,Fri Aug 09 04:41:25 +0000 2013,oneyun,581532636,509,310,realDonaldTrump,25073877,21900485,41,1152
824172521549426691,365694278845997057,Wed Jan 25 08:30:16 +0000 2017,Fri Aug 09 04:41:25 +0000 2013,kbathija2,487297028,344,771,realDonaldTrump,25073877,21901116,41,1153
824173076208353281,365694278845997057,Wed Jan 25 08:32:28 +0000 2017,Fri Aug 09 04:41:25 +0000 2013,brennankohn,1628074160,394,164,realDonaldTrump,25073877,21901362,41,1154
824179064357404672,365694278845997057,Wed Jan 25 08:56:16 +0000 2017,Fri Aug 09 04:41:25 +0000 2013,Mvttyy_,2304267555,331,205,realDonaldTrump,25073877,21903977,41,1155
824185400969330689,365694278845997057,Wed Jan 25 09:21:26 +0000 2017,Fri Aug 09 04:41:25 +0000 2013,animetiddyfuck,813344920266309632,482,611,realDonaldTrump,25073877,21906917,41,1156
824185567181176833,365694278845997057,Wed Jan 25 09:22:06 +0000 2017,Fri Aug 09 04:41:25 +0000 2013,SerbianRevenge,2571336733,358,182,realDonaldTrump,25073877,21906981,41,1157
824185639868530688,365694278845997057,Wed Jan 25 09:22:23 +0000 2017,Fri Aug 09 04:41:25 +0000 2013,akwuh_,599536606,868,314,realDonaldTrump,25073877,21907008,41,1158
824185654313648130,365694278845997057,Wed Jan 25 09:22:27 +0000 2017,Fri Aug 09 04:41:25 +0000 2013,GrimoireOfKenji,4650936803,2084,1097,realDonaldTrump,25073877,21907014,41,1159
824185682990088192,365694278845997057,Wed Jan 25 09:22:34 +0000 2017,Fri Aug 09 04:41:25 +0000 2013,POTLDS,89934404,7370,411,realDonaldTrump,25073877,21907027,41,1160
824185815488151553,365694278845997057,Wed Jan 25 09:23:05 +0000 2017,Fri Aug 09 04:41:25 +0000 2013,BroHigashikata,1464599533,934,408,realDonaldTrump,25073877,21907094,41,1161
824186015539744774,365694278845997057,Wed Jan 25 09:23:53 +0000 2017,Fri Aug 09 04:41:25 +0000 2013,OdinFucker,2297123872,1482,519,realDonaldTrump,25073877,21907183,41,1162
824186117087985664,365694278845997057,Wed Jan 25 09:24:17 +0000 2017,Fri Aug 09 04:41:25 +0000 2013,CommieTears,634278422,569,397,realDonaldTrump,25073877,21907234,41,1163
824186188600930308,365694278845997057,Wed Jan 25 09:24:34 +0000 2017,Fri Aug 09 04:41:25 +0000 2013,Almagest67,3062983745,188,840,realDonaldTrump,25073877,21907266,41,1164
824186481006743552,365694278845997057,Wed Jan 25 09:25:44 +0000 2017,Fri Aug 09 04:41:25 +0000 2013,Intrepid_Feline,733697300518871044,278,182,realDonaldTrump,25073877,21907385,41,1165
824186544626003970,365694278845997057,Wed Jan 25 09:25:59 +0000 2017,Fri Aug 09 04:41:25 +0000 2013,CantStumpTrump1,3958327401,18213,244,realDonaldTrump,25073877,21907404,41,1166
824186550472896512,365694278845997057,Wed Jan 25 09:26:00 +0000 2017,Fri Aug 09 04:41:25 +0000 2013,id_drawings,2992466324,126,611,realDonaldTrump,25073877,21907404,41,1167
824186638704267264,365694278845997057,Wed Jan 25 09:26:21 +0000 2017,Fri Aug 09 04:41:25 +0000 2013,Trumpservative,2837876374,3247,1881,realDonaldTrump,25073877,21907441,41,1168
824186651249438720,365694278845997057,Wed Jan 25 09:26:24 +0000 2017,Fri Aug 09 04:41:25 +0000 2013,fIame,751571754305421313,1336,261,realDonaldTrump,25073877,21907446,41,1169
824186740156022784,365694278845997057,Wed Jan 25 09:26:46 +0000 2017,Fri Aug 09 04:41:25 +0000 2013,Chef_The_Meme_,749489394512498689,154,372,realDonaldTrump,25073877,21907480,41,1170
824187035753807875,365694278845997057,Wed Jan 25 09:27:56 +0000 2017,Fri Aug 09 04:41:25 +0000 2013,thosejays,1692519312,1519,1133,realDonaldTrump,25073877,21907602,41,1171
824187051876773888,365694278845997057,Wed Jan 25 09:28:00 +0000 2017,Fri Aug 09 04:41:25 +0000 2013,DannyDannyRose,630144453,6126,5849,realDonaldTrump,25073877,21907612,41,1172
824187068502970368,365694278845997057,Wed Jan 25 09:28:04 +0000 2017,Fri Aug 09 04:41:25 +0000 2013,euan______,594908859,165,226,realDonaldTrump,25073877,21907621,41,1173
824187263928168449,365694278845997057,Wed Jan 25 09:28:51 +0000 2017,Fri Aug 09 04:41:25 +0000 2013,Cardsfan1010,3184558807,809,395,realDonaldTrump,25073877,21907695,41,1174
824187329820684289,365694278845997057,Wed Jan 25 09:29:06 +0000 2017,Fri Aug 09 04:41:25 +0000 2013,_J32P_,3044723537,337,547,realDonaldTrump,25073877,21907728,41,1175
824187459965743105,365694278845997057,Wed Jan 25 09:29:37 +0000 2017,Fri Aug 09 04:41:25 +0000 2013,disketnik,625629170,350,362,realDonaldTrump,25073877,21907769,41,1176
824187555461603328,365694278845997057,Wed Jan 25 09:30:00 +0000 2017,Fri Aug 09 04:41:25 +0000 2013,czrist,713237384104534016,208,48,realDonaldTrump,25073877,21907810,41,1177
824187638768865283,365694278845997057,Wed Jan 25 09:30:20 +0000 2017,Fri Aug 09 04:41:25 +0000 2013,daymin_l,292072162,223,196,realDonaldTrump,25073877,21907846,41,1178
824187641222545409,365694278845997057,Wed Jan 25 09:30:20 +0000 2017,Fri Aug 09 04:41:25 +0000 2013,KermitTheKush,3170692550,1177,81,realDonaldTrump,25073877,21907846,41,1179
824187655017627648,365694278845997057,Wed Jan 25 09:30:24 +0000 2017,Fri Aug 09 04:41:25 +0000 2013,NiallSnipars,2884537313,8840,487,realDonaldTrump,25073877,21907853,41,1180
824187796965519363,365694278845997057,Wed Jan 25 09:30:58 +0000 2017,Fri Aug 09 04:41:25 +0000 2013,vyrobyte,728869519528218624,162,427,realDonaldTrump,25073877,21907904,41,1181
824187907925770240,365694278845997057,Wed Jan 25 09:31:24 +0000 2017,Fri Aug 09 04:41:25 +0000 2013,dandy_jack,339574363,294,494,realDonaldTrump,25073877,21907950,41,1182
824188046488834048,365694278845997057,Wed Jan 25 09:31:57 +0000 2017,Fri Aug 09 04:41:25 +0000 2013,evrwntd,2623170983,193,223,realDonaldTrump,25073877,21907998,41,1183
824188119247441921,365694278845997057,Wed Jan 25 09:32:14 +0000 2017,Fri Aug 09 04:41:25 +0000 2013,NightHawk_77,409484088,545,411,realDonaldTrump,25073877,21908033,41,1184
824188390031720448,365694278845997057,Wed Jan 25 09:33:19 +0000 2017,Fri Aug 09 04:41:25 +0000 2013,TheTotalMadMan,584052515,56,183,realDonaldTrump,25073877,21908135,41,1185
824188397120090112,365694278845997057,Wed Jan 25 09:33:21 +0000 2017,Fri Aug 09 04:41:25 +0000 2013,phaseklan,2307451770,2397,273,realDonaldTrump,25073877,21908139,41,1186
824188500182528001,365694278845997057,Wed Jan 25 09:33:45 +0000 2017,Fri Aug 09 04:41:25 +0000 2013,OPRaindrop,382809734,30,66,realDonaldTrump,25073877,21908187,41,1187
824188614129098754,365694278845997057,Wed Jan 25 09:34:12 +0000 2017,Fri Aug 09 04:41:25 +0000 2013,Gamevideosism,966922884,323,642,realDonaldTrump,25073877,21908225,41,1188
824188665995870215,365694278845997057,Wed Jan 25 09:34:25 +0000 2017,Fri Aug 09 04:41:25 +0000 2013,PeterOSull97,636192957,250,303,realDonaldTrump,25073877,21908244,41,1189
824188855565844484,365694278845997057,Wed Jan 25 09:35:10 +0000 2017,Fri Aug 09 04:41:25 +0000 2013,missingno211,767114237927886848,25,101,realDonaldTrump,25073877,21908301,41,1190
824188938365632518,365694278845997057,Wed Jan 25 09:35:30 +0000 2017,Fri Aug 09 04:41:25 +0000 2013,C9Raz,534760226,344,390,realDonaldTrump,25073877,21908343,41,1191
824189117907013632,365694278845997057,Wed Jan 25 09:36:13 +0000 2017,Fri Aug 09 04:41:25 +0000 2013,6rande,3357681544,8807,337,realDonaldTrump,25073877,21908421,41,1192
824189643352576000,365694278845997057,Wed Jan 25 09:38:18 +0000 2017,Fri Aug 09 04:41:25 +0000 2013,funkyegg,272884052,8680,427,realDonaldTrump,25073877,21908653,41,1194
824189659701977088,365694278845997057,Wed Jan 25 09:38:22 +0000 2017,Fri Aug 09 04:41:25 +0000 2013,Thoumey,405545343,82,184,realDonaldTrump,25073877,21908661,41,1195
824189660062748672,365694278845997057,Wed Jan 25 09:38:22 +0000 2017,Fri Aug 09 04:41:25 +0000 2013,KeklePop,2765533125,977,145,realDonaldTrump,25073877,21908661,41,1195
824189894411030528,365694278845997057,Wed Jan 25 09:39:18 +0000 2017,Fri Aug 09 04:41:25 +0000 2013,IngSocJus,4880897253,658,2070,realDonaldTrump,25073877,21908759,41,1197
824189992834650113,365694278845997057,Wed Jan 25 09:39:41 +0000 2017,Fri Aug 09 04:41:25 +0000 2013,TheMiniAJ,624839388,150,1334,realDonaldTrump,25073877,21908795,41,1198
824190159268806656,365694278845997057,Wed Jan 25 09:40:21 +0000 2017,Fri Aug 09 04:41:25 +0000 2013,JohnMadisox,819273709915688974,2,57,realDonaldTrump,25073877,21908853,41,1199
824190286955954177,365694278845997057,Wed Jan 25 09:40:51 +0000 2017,Fri Aug 09 04:41:25 +0000 2013,pqraz,1495870566,182,228,realDonaldTrump,25073877,21908903,41,1200
824190541063667714,365694278845997057,Wed Jan 25 09:41:52 +0000 2017,Fri Aug 09 04:41:25 +0000 2013,SassyMelania,395434007,76,202,realDonaldTrump,25073877,21909005,41,1201
824190643287326721,365694278845997057,Wed Jan 25 09:42:16 +0000 2017,Fri Aug 09 04:41:25 +0000 2013,KankleLV,781888710694408192,30,154,realDonaldTrump,25073877,21909050,41,1202
824190719699156994,365694278845997057,Wed Jan 25 09:42:34 +0000 2017,Fri Aug 09 04:41:25 +0000 2013,SuperMandzu,56354260,529,172,realDonaldTrump,25073877,21909081,41,1203
824191257815695360,365694278845997057,Wed Jan 25 09:44:43 +0000 2017,Fri Aug 09 04:41:25 +0000 2013,chromalescence,820216640063336448,140,142,realDonaldTrump,25073877,21909293,41,1204
824191442209882113,365694278845997057,Wed Jan 25 09:45:27 +0000 2017,Fri Aug 09 04:41:25 +0000 2013,RollerbladerDad,754398090996486145,35,308,realDonaldTrump,25073877,21909371,41,1205
824192037922672641,365694278845997057,Wed Jan 25 09:47:49 +0000 2017,Fri Aug 09 04:41:25 +0000 2013,patrithotic,830356136,1759,209,realDonaldTrump,25073877,21907490,41,1206
824192197318901760,365694278845997057,Wed Jan 25 09:48:27 +0000 2017,Fri Aug 09 04:41:25 +0000 2013,Darkunchan,1607159918,71,271,realDonaldTrump,25073877,21907559,41,1207
824192687876296705,365694278845997057,Wed Jan 25 09:50:24 +0000 2017,Fri Aug 09 04:41:25 +0000 2013,yvncc,1090973468,420,355,realDonaldTrump,25073877,21907777,41,1209
824193358247632896,365694278845997057,Wed Jan 25 09:53:04 +0000 2017,Fri Aug 09 04:41:25 +0000 2013,eliand3,53748959,146,56,realDonaldTrump,25073877,21908065,41,1210
824194407247282176,365694278845997057,Wed Jan 25 09:57:14 +0000 2017,Fri Aug 09 04:41:25 +0000 2013,2211998c,54558458,284,184,realDonaldTrump,25073877,21908488,41,1211
824195001018105856,365694278845997057,Wed Jan 25 09:59:35 +0000 2017,Fri Aug 09 04:41:25 +0000 2013,bonersauceboss,3313342105,1021,155,realDonaldTrump,25073877,21908706,41,1212
824195286448963589,365694278845997057,Wed Jan 25 10:00:43 +0000 2017,Fri Aug 09 04:41:25 +0000 2013,Natedogisdeadlo,2432679367,1803,136,realDonaldTrump,25073877,21908819,41,1213
824195406540238850,365694278845997057,Wed Jan 25 10:01:12 +0000 2017,Fri Aug 09 04:41:25 +0000 2013,Stuart_Proctor,1117584751,580,564,realDonaldTrump,25073877,21908882,41,1214
824195920199909378,365694278845997057,Wed Jan 25 10:03:14 +0000 2017,Fri Aug 09 04:41:25 +0000 2013,OnlyAfroGames,265650124,24721,222,realDonaldTrump,25073877,21909098,41,1214
824196005428076545,365694278845997057,Wed Jan 25 10:03:35 +0000 2017,Fri Aug 09 04:41:25 +0000 2013,Shaquille_UNIEL,2783608315,139,408,realDonaldTrump,25073877,21909126,41,1215
824196006631899136,365694278845997057,Wed Jan 25 10:03:35 +0000 2017,Fri Aug 09 04:41:25 +0000 2013,DeathReveals,222472107,477,600,realDonaldTrump,25073877,21909126,41,1216
824196102144557056,365694278845997057,Wed Jan 25 10:03:58 +0000 2017,Fri Aug 09 04:41:25 +0000 2013,Omega_Tengu,324886780,28,159,realDonaldTrump,25073877,21909163,41,1217
824196120880484352,365694278845997057,Wed Jan 25 10:04:02 +0000 2017,Fri Aug 09 04:41:25 +0000 2013,ultrabrilliant,16719596,12991,1650,realDonaldTrump,25073877,21909169,41,1218
824196190141087744,365694278845997057,Wed Jan 25 10:04:19 +0000 2017,Fri Aug 09 04:41:25 +0000 2013,HisokaABest,4825036534,54,59,realDonaldTrump,25073877,21909194,41,1219
824196211854966785,365694278845997057,Wed Jan 25 10:04:24 +0000 2017,Fri Aug 09 04:41:25 +0000 2013,AkaiMasuku,329217423,169,201,realDonaldTrump,25073877,21909204,41,1220
824196229286555649,365694278845997057,Wed Jan 25 10:04:28 +0000 2017,Fri Aug 09 04:41:25 +0000 2013,VarKhalin,3238691042,240,929,realDonaldTrump,25073877,21909208,41,1221
824196233241784320,365694278845997057,Wed Jan 25 10:04:29 +0000 2017,Fri Aug 09 04:41:25 +0000 2013,Dcoll132,519522783,74,359,realDonaldTrump,25073877,21909210,41,1222
824196269606367234,365694278845997057,Wed Jan 25 10:04:38 +0000 2017,Fri Aug 09 04:41:25 +0000 2013,NathanWhincup,15418947,663,1169,realDonaldTrump,25073877,21909230,41,1223
824196381917192193,365694278845997057,Wed Jan 25 10:05:04 +0000 2017,Fri Aug 09 04:41:25 +0000 2013,Monk3yswithGuns,2842214520,210,107,realDonaldTrump,25073877,21909264,41,1224
824196435784646657,365694278845997057,Wed Jan 25 10:05:17 +0000 2017,Fri Aug 09 04:41:25 +0000 2013,IdolizedBear,2705314759,700,700,realDonaldTrump,25073877,21909283,41,1225
824196453149081601,365694278845997057,Wed Jan 25 10:05:21 +0000 2017,Fri Aug 09 04:41:25 +0000 2013,GreatBelow185,547751985,7,59,realDonaldTrump,25073877,21909300,41,1226
824196693411450880,365694278845997057,Wed Jan 25 10:06:19 +0000 2017,Fri Aug 09 04:41:25 +0000 2013,HibikiHails,235931950,179,740,realDonaldTrump,25073877,21909407,41,1227
824196852476235777,365694278845997057,Wed Jan 25 10:06:57 +0000 2017,Fri Aug 09 04:41:25 +0000 2013,AG1792,20588776,632,893,realDonaldTrump,25073877,21909475,41,1228
824197161122402305,365694278845997057,Wed Jan 25 10:08:10 +0000 2017,Fri Aug 09 04:41:25 +0000 2013,ratritual,308200284,1830,212,realDonaldTrump,25073877,21909590,41,1229
824197228977856512,365694278845997057,Wed Jan 25 10:08:26 +0000 2017,Fri Aug 09 04:41:25 +0000 2013,gabri1820,814567148504961024,10,95,realDonaldTrump,25073877,21909614,41,1230
824197271889870850,365694278845997057,Wed Jan 25 10:08:37 +0000 2017,Fri Aug 09 04:41:25 +0000 2013,ChefKebabPizza,187993265,131,205,realDonaldTrump,25073877,21909630,41,1231
824197505533493248,365694278845997057,Wed Jan 25 10:09:32 +0000 2017,Fri Aug 09 04:41:25 +0000 2013,tylerburnett96,2326231654,91,164,realDonaldTrump,25073877,21909743,41,1232
824197792604286976,365694278845997057,Wed Jan 25 10:10:41 +0000 2017,Fri Aug 09 04:41:25 +0000 2013,poisonwomb,132533481,182,563,realDonaldTrump,25073877,21909839,41,1232
824197886720221184,365694278845997057,Wed Jan 25 10:11:03 +0000 2017,Fri Aug 09 04:41:25 +0000 2013,phozonhanabi,2248041456,875,660,realDonaldTrump,25073877,21909887,41,1234
824198234449080322,365694278845997057,Wed Jan 25 10:12:26 +0000 2017,Fri Aug 09 04:41:25 +0000 2013,Morastmops,2493330846,232,150,realDonaldTrump,25073877,21910008,41,1235
824198294717005824,365694278845997057,Wed Jan 25 10:12:40 +0000 2017,Fri Aug 09 04:41:25 +0000 2013,y_PenDraig,741201901501489152,209,553,realDonaldTrump,25073877,21910034,41,1236
824198368251572225,365694278845997057,Wed Jan 25 10:12:58 +0000 2017,Fri Aug 09 04:41:25 +0000 2013,jax4_5,3131314599,30,145,realDonaldTrump,25073877,21910062,41,1237
824198381027360770,365694278845997057,Wed Jan 25 10:13:01 +0000 2017,Fri Aug 09 04:41:25 +0000 2013,JimmyWiggy_,1861724066,313,262,realDonaldTrump,25073877,21910072,41,1238
824199312804642816,365694278845997057,Wed Jan 25 10:16:43 +0000 2017,Fri Aug 09 04:41:25 +0000 2013,odixeclipse,601392623,77,71,realDonaldTrump,25073877,21910483,41,1239
824199325928607745,365694278845997057,Wed Jan 25 10:16:46 +0000 2017,Fri Aug 09 04:41:25 +0000 2013,xClyded,2822139418,668,242,realDonaldTrump,25073877,21910486,41,1240
824199378390880256,365694278845997057,Wed Jan 25 10:16:59 +0000 2017,Fri Aug 09 04:41:25 +0000 2013,wBong_,1276752132,750,459,realDonaldTrump,25073877,21910514,41,1241
824199704703627265,365694278845997057,Wed Jan 25 10:18:17 +0000 2017,Fri Aug 09 04:41:25 +0000 2013,reeft,18311409,1025,842,realDonaldTrump,25073877,21910644,41,1242
824199847209271296,365694278845997057,Wed Jan 25 10:18:51 +0000 2017,Fri Aug 09 04:41:25 +0000 2013,bradpar89,463091576,236,245,realDonaldTrump,25073877,21910695,41,1243
824200033369288704,365694278845997057,Wed Jan 25 10:19:35 +0000 2017,Fri Aug 09 04:41:25 +0000 2013,cuggi1337,152238996,115,511,realDonaldTrump,25073877,21910758,41,1244
824200328539205632,365694278845997057,Wed Jan 25 10:20:45 +0000 2017,Fri Aug 09 04:41:25 +0000 2013,Uncle_Ivan_,636429672,139,332,realDonaldTrump,25073877,21910895,41,1245
824200901762097153,365694278845997057,Wed Jan 25 10:23:02 +0000 2017,Fri Aug 09 04:41:25 +0000 2013,kneeco_,3101918258,162,208,realDonaldTrump,25073877,21911107,41,1246
824201027142434816,365694278845997057,Wed Jan 25 10:23:32 +0000 2017,Fri Aug 09 04:41:25 +0000 2013,mezzentresol,3252382003,24,150,realDonaldTrump,25073877,21911168,41,1247
824201265072771073,365694278845997057,Wed Jan 25 10:24:29 +0000 2017,Fri Aug 09 04:41:25 +0000 2013,PreettyGoood,705509451415949312,127,364,realDonaldTrump,25073877,21911281,41,1248
824201698973458432,365694278845997057,Wed Jan 25 10:26:12 +0000 2017,Fri Aug 09 04:41:25 +0000 2013,NickFalconPunch,426907771,1434,1664,realDonaldTrump,25073877,21911471,41,1249
824201966075215873,365694278845997057,Wed Jan 25 10:27:16 +0000 2017,Fri Aug 09 04:41:25 +0000 2013,Xeonian,384496790,80,275,realDonaldTrump,25073877,21911587,41,1250
824202547007197184,365694278845997057,Wed Jan 25 10:29:34 +0000 2017,Fri Aug 09 04:41:25 +0000 2013,Nudhul,461803892,209,300,realDonaldTrump,25073877,21911856,41,1251
824202721381220353,365694278845997057,Wed Jan 25 10:30:16 +0000 2017,Fri Aug 09 04:41:25 +0000 2013,ahoyprod,814174502057836545,18,73,realDonaldTrump,25073877,21911936,41,1252
824202841233440769,365694278845997057,Wed Jan 25 10:30:44 +0000 2017,Fri Aug 09 04:41:25 +0000 2013,yalocalparakeet,1075498879,38,149,realDonaldTrump,25073877,21912008,41,1253
824203034221744129,365694278845997057,Wed Jan 25 10:31:30 +0000 2017,Fri Aug 09 04:41:25 +0000 2013,MPusai,101838223,19,81,realDonaldTrump,25073877,21912099,41,1254
824203101854957568,365694278845997057,Wed Jan 25 10:31:47 +0000 2017,Fri Aug 09 04:41:25 +0000 2013,letshugbro,969034543,1154,89,realDonaldTrump,25073877,21912134,41,1255
824203604399636480,365694278845997057,Wed Jan 25 10:33:46 +0000 2017,Fri Aug 09 04:41:25 +0000 2013,emotionalweeabo,4790546952,489,666,realDonaldTrump,25073877,21912348,41,1256
824204365321932800,365694278845997057,Wed Jan 25 10:36:48 +0000 2017,Fri Aug 09 04:41:25 +0000 2013,Shaonight,228067227,238,207,realDonaldTrump,25073877,21912706,41,1258
824204657673256960,365694278845997057,Wed Jan 25 10:37:58 +0000 2017,Fri Aug 09 04:41:25 +0000 2013,RazalasTrebla,784830270,376,706,realDonaldTrump,25073877,21912846,41,1259
824205191633371137,365694278845997057,Wed Jan 25 10:40:05 +0000 2017,Fri Aug 09 04:41:25 +0000 2013,oilup_,722254613471223808,3274,71,realDonaldTrump,25073877,21913095,41,1260
824205391764586496,365694278845997057,Wed Jan 25 10:40:53 +0000 2017,Fri Aug 09 04:41:25 +0000 2013,Andreas__Dunn,612025441,1510,261,realDonaldTrump,25073877,21913187,41,1261
824206185075277824,365694278845997057,Wed Jan 25 10:44:02 +0000 2017,Fri Aug 09 04:41:25 +0000 2013,best_of_season,21850572,629,296,realDonaldTrump,25073877,21913540,41,1262
824206690006536192,365694278845997057,Wed Jan 25 10:46:02 +0000 2017,Fri Aug 09 04:41:25 +0000 2013,wopright,91225934,2234,392,realDonaldTrump,25073877,21913765,41,1263
824207055108055040,365694278845997057,Wed Jan 25 10:47:29 +0000 2017,Fri Aug 09 04:41:25 +0000 2013,ayygareth,3307143659,17,15,realDonaldTrump,25073877,21913957,41,1264
824207503001010176,365694278845997057,Wed Jan 25 10:49:16 +0000 2017,Fri Aug 09 04:41:25 +0000 2013,dhrml,3084897789,1428,489,realDonaldTrump,25073877,21914153,41,1268
824208224819806208,365694278845997057,Wed Jan 25 10:52:08 +0000 2017,Fri Aug 09 04:41:25 +0000 2013,Zedphyr,3352587374,132,178,realDonaldTrump,25073877,21914467,41,1269
824209178822479874,365694278845997057,Wed Jan 25 10:55:55 +0000 2017,Fri Aug 09 04:41:25 +0000 2013,liltaeo1,823267781105717248,125,70,realDonaldTrump,25073877,21916927,41,1270
824209713416077312,365694278845997057,Wed Jan 25 10:58:03 +0000 2017,Fri Aug 09 04:41:25 +0000 2013,Neekeir,2347551531,116,730,realDonaldTrump,25073877,21915113,41,1271
824210450392973313,365694278845997057,Wed Jan 25 11:00:59 +0000 2017,Fri Aug 09 04:41:25 +0000 2013,jeanpaulblartre,12736332,64,136,realDonaldTrump,25073877,21915411,41,1272
824210870523793408,365694278845997057,Wed Jan 25 11:02:39 +0000 2017,Fri Aug 09 04:41:25 +0000 2013,CptLvlGaming,1239703897,287,543,realDonaldTrump,25073877,21915591,41,1272
824212062666653696,365694278845997057,Wed Jan 25 11:07:23 +0000 2017,Fri Aug 09 04:41:25 +0000 2013,TOKYOH0E,2335973222,889,161,realDonaldTrump,25073877,21916222,41,1273
824214137907662853,365694278845997057,Wed Jan 25 11:15:38 +0000 2017,Fri Aug 09 04:41:25 +0000 2013,OBryanKusoge,902679366,20,25,realDonaldTrump,25073877,21917281,41,1274
824215082594877440,365694278845997057,Wed Jan 25 11:19:23 +0000 2017,Fri Aug 09 04:41:25 +0000 2013,HeyItsWarren_G,359689154,551,276,realDonaldTrump,25073877,21917758,41,1275
824215084981514240,365694278845997057,Wed Jan 25 11:19:24 +0000 2017,Fri Aug 09 04:41:25 +0000 2013,RiceeChrispies,43965432,28999,669,realDonaldTrump,25073877,21917761,41,1276
824215381430648832,365694278845997057,Wed Jan 25 11:20:34 +0000 2017,Fri Aug 09 04:41:25 +0000 2013,bgn_spiral,234754588,201,322,realDonaldTrump,25073877,21917929,41,1277
824220660675280896,365694278845997057,Wed Jan 25 11:41:33 +0000 2017,Fri Aug 09 04:41:25 +0000 2013,sanoy,4863738377,414,266,realDonaldTrump,25073877,21920595,41,1278
824221192848609282,365694278845997057,Wed Jan 25 11:43:40 +0000 2017,Fri Aug 09 04:41:25 +0000 2013,Sesquips,2225453208,761,164,realDonaldTrump,25073877,21920870,41,1279
824221373434306560,365694278845997057,Wed Jan 25 11:44:23 +0000 2017,Fri Aug 09 04:41:25 +0000 2013,GucciSynek,3364126055,1691,349,realDonaldTrump,25073877,21920904,41,1280
824222157446250496,365694278845997057,Wed Jan 25 11:47:30 +0000 2017,Fri Aug 09 04:41:25 +0000 2013,affenkoenig_,4320270676,396,314,realDonaldTrump,25073877,21917096,41,1281
824224134452416513,365694278845997057,Wed Jan 25 11:55:21 +0000 2017,Fri Aug 09 04:41:25 +0000 2013,SchwulerBastard,4919618223,832,287,realDonaldTrump,25073877,21918142,41,1282
824225078141337605,365694278845997057,Wed Jan 25 11:59:06 +0000 2017,Fri Aug 09 04:41:25 +0000 2013,Lopiky1,1448133924,1401,215,realDonaldTrump,25073877,21925011,41,1283
824225450775969797,365694278845997057,Wed Jan 25 12:00:35 +0000 2017,Fri Aug 09 04:41:25 +0000 2013,ImmortalBongoDD,710178633986543617,17,79,realDonaldTrump,25073877,21918848,41,1284
824225844306575361,365694278845997057,Wed Jan 25 12:02:09 +0000 2017,Fri Aug 09 04:41:25 +0000 2013,mayonazing,774031787072876544,18,69,realDonaldTrump,25073877,21919081,41,1285
824226008542937088,365694278845997057,Wed Jan 25 12:02:48 +0000 2017,Fri Aug 09 04:41:25 +0000 2013,KingWangy,171459884,116,97,realDonaldTrump,25073877,21919183,41,1286
824226589055610880,365694278845997057,Wed Jan 25 12:05:06 +0000 2017,Fri Aug 09 04:41:25 +0000 2013,torimori13,145459006,629,325,realDonaldTrump,25073877,21919550,41,1287
824226644151988225,365694278845997057,Wed Jan 25 12:05:20 +0000 2017,Fri Aug 09 04:41:25 +0000 2013,SamArunSmith,2197888012,98,99,realDonaldTrump,25073877,21919585,41,1288
824227214484971520,365694278845997057,Wed Jan 25 12:07:35 +0000 2017,Fri Aug 09 04:41:25 +0000 2013,babbyDella,1924096994,161,283,realDonaldTrump,25073877,21919965,41,1289
824227329350176769,365694278845997057,Wed Jan 25 12:08:03 +0000 2017,Fri Aug 09 04:41:25 +0000 2013,Riidanhaastaja,2223757922,18,111,realDonaldTrump,25073877,21920037,41,1290
824227920000536576,365694278845997057,Wed Jan 25 12:10:24 +0000 2017,Fri Aug 09 04:41:25 +0000 2013,Freestrider,256815696,70,140,realDonaldTrump,25073877,21920393,41,1291
824228692452839424,365694278845997057,Wed Jan 25 12:13:28 +0000 2017,Fri Aug 09 04:41:25 +0000 2013,lmaogtfo_,701904896765915136,1212,180,realDonaldTrump,25073877,21920835,41,1292
824230496234307585,365694278845997057,Wed Jan 25 12:20:38 +0000 2017,Fri Aug 09 04:41:25 +0000 2013,Noobface_,2262058795,2763,496,realDonaldTrump,25073877,21922221,41,1294
824235526605639681,365694278845997057,Wed Jan 25 12:40:37 +0000 2017,Fri Aug 09 04:41:25 +0000 2013,KarmaLoafScott,4300967669,602,2285,realDonaldTrump,25073877,21926342,41,1296
824235938939305986,365694278845997057,Wed Jan 25 12:42:16 +0000 2017,Fri Aug 09 04:41:25 +0000 2013,Frantic_Moose,3010444289,71,179,realDonaldTrump,25073877,21926659,41,1297
824237013289340929,365694278845997057,Wed Jan 25 12:46:32 +0000 2017,Fri Aug 09 04:41:25 +0000 2013,thqrnz,804896980002545664,297,193,realDonaldTrump,25073877,21927677,41,1298
824242325950001152,365694278845997057,Wed Jan 25 13:07:38 +0000 2017,Fri Aug 09 04:41:25 +0000 2013,KylozxD,593010366,28,57,realDonaldTrump,25073877,21932365,41,1299
824243113724153856,365694278845997057,Wed Jan 25 13:10:46 +0000 2017,Fri Aug 09 04:41:25 +0000 2013,Brady_Huber,838766737,776,477,realDonaldTrump,25073877,21933112,41,1300
824245743179485184,365694278845997057,Wed Jan 25 13:21:13 +0000 2017,Fri Aug 09 04:41:25 +0000 2013,MiguelAGRoman,712890889,284,414,realDonaldTrump,25073877,21935687,41,1301
824246179223445504,365694278845997057,Wed Jan 25 13:22:57 +0000 2017,Fri Aug 09 04:41:25 +0000 2013,Biiitvh,1496556860,77,380,realDonaldTrump,25073877,21936185,41,1302
824246734197030912,365694278845997057,Wed Jan 25 13:25:09 +0000 2017,Fri Aug 09 04:41:25 +0000 2013,DanMachetta,507828573,25,118,realDonaldTrump,25073877,21936669,41,1303
824246986358616065,365694278845997057,Wed Jan 25 13:26:09 +0000 2017,Fri Aug 09 04:41:25 +0000 2013,joaquingzz96,244790211,240,217,realDonaldTrump,25073877,21936888,41,1304
824248376644472832,365694278845997057,Wed Jan 25 13:31:41 +0000 2017,Fri Aug 09 04:41:25 +0000 2013,RLPK_,904089710,135,477,realDonaldTrump,25073877,21938077,41,1305
824248880812261385,365694278845997057,Wed Jan 25 13:33:41 +0000 2017,Fri Aug 09 04:41:25 +0000 2013,outlayed,1621942130,298,175,realDonaldTrump,25073877,21941846,41,1307
824248894775263232,365694278845997057,Wed Jan 25 13:33:44 +0000 2017,Fri Aug 09 04:41:25 +0000 2013,twopauq,2434021157,104,72,realDonaldTrump,25073877,21938590,41,1308
824249070093029377,365694278845997057,Wed Jan 25 13:34:26 +0000 2017,Fri Aug 09 04:41:25 +0000 2013,vTRouter,1408985071,305,154,realDonaldTrump,25073877,21938731,41,1309
824249235700912128,365694278845997057,Wed Jan 25 13:35:06 +0000 2017,Fri Aug 09 04:41:25 +0000 2013,sneaselweavile,2839067338,254,153,realDonaldTrump,25073877,21938869,41,1310
824250679531368448,365694278845997057,Wed Jan 25 13:40:50 +0000 2017,Fri Aug 09 04:41:25 +0000 2013,larsreijnen,236422213,110,94,realDonaldTrump,25073877,21940111,41,1311
824251340318736387,365694278845997057,Wed Jan 25 13:43:28 +0000 2017,Fri Aug 09 04:41:25 +0000 2013,JihadiJupp,3108126653,33,28,realDonaldTrump,25073877,21940634,41,1313
824252296905314312,365694278845997057,Wed Jan 25 13:47:16 +0000 2017,Fri Aug 09 04:41:25 +0000 2013,YefenOficial,4697642594,46,21,realDonaldTrump,25073877,21936463,41,1314
824252378278952960,365694278845997057,Wed Jan 25 13:47:35 +0000 2017,Fri Aug 09 04:41:25 +0000 2013,janktellemp,2582527552,159,163,realDonaldTrump,25073877,21936534,41,1315
824253535957221376,365694278845997057,Wed Jan 25 13:52:11 +0000 2017,Fri Aug 09 04:41:25 +0000 2013,PraiseKyriarchy,840631495,46,68,realDonaldTrump,25073877,21937537,41,1316
824255247837106176,365694278845997057,Wed Jan 25 13:58:59 +0000 2017,Fri Aug 09 04:41:25 +0000 2013,minecowmcgee,3272065064,67,68,realDonaldTrump,25073877,21947218,41,1317
824255673886187520,365694278845997057,Wed Jan 25 14:00:41 +0000 2017,Fri Aug 09 04:41:25 +0000 2013,Schleicher_Noah,2309947209,246,159,realDonaldTrump,25073877,21939310,41,1318
824257255411511296,365694278845997057,Wed Jan 25 14:06:58 +0000 2017,Fri Aug 09 04:41:25 +0000 2013,Slap_II,1656877153,140,21,realDonaldTrump,25073877,21940722,41,1319
824257265796599808,365694278845997057,Wed Jan 25 14:07:00 +0000 2017,Fri Aug 09 04:41:25 +0000 2013,Bruhthesda,2431094911,124,325,realDonaldTrump,25073877,21940752,41,1320
824258163125919744,365694278845997057,Wed Jan 25 14:10:34 +0000 2017,Fri Aug 09 04:41:25 +0000 2013,HistTree,2504693186,52,129,realDonaldTrump,25073877,21941512,41,1321
824259835810156544,365694278845997057,Wed Jan 25 14:17:13 +0000 2017,Fri Aug 09 04:41:25 +0000 2013,xTempst,2153998842,188,622,realDonaldTrump,25073877,21943141,41,1322
824261932026908672,365694278845997057,Wed Jan 25 14:25:33 +0000 2017,Fri Aug 09 04:41:25 +0000 2013,PositiveInt,378705132,1278,1450,realDonaldTrump,25073877,21944977,41,1323
824263817190408192,365694278845997057,Wed Jan 25 14:33:02 +0000 2017,Fri Aug 09 04:41:25 +0000 2013,Fashy_dutz_neez,811054863039758336,293,991,realDonaldTrump,25073877,21946575,41,1323
824264373594099712,365694278845997057,Wed Jan 25 14:35:15 +0000 2017,Fri Aug 09 04:41:25 +0000 2013,NotAlanRojas,270508741,87,176,realDonaldTrump,25073877,21947090,41,1324
824264470620962816,365694278845997057,Wed Jan 25 14:35:38 +0000 2017,Fri Aug 09 04:41:25 +0000 2013,UltralightMeme_,4038783854,298,436,realDonaldTrump,25073877,21947067,41,1325
824264626863009793,365694278845997057,Wed Jan 25 14:36:15 +0000 2017,Fri Aug 09 04:41:25 +0000 2013,___Cirrus___,772955792735608832,29,65,realDonaldTrump,25073877,21947337,41,1326
824268992533569540,365694278845997057,Wed Jan 25 14:53:36 +0000 2017,Fri Aug 09 04:41:25 +0000 2013,MLobrovich,4192798572,220,91,realDonaldTrump,25073877,21955594,41,1327
824270615012110336,365694278845997057,Wed Jan 25 15:00:03 +0000 2017,Fri Aug 09 04:41:25 +0000 2013,Zest_Soap,756578362009812992,79,231,realDonaldTrump,25073877,21952511,41,1328
824272001644662786,365694278845997057,Wed Jan 25 15:05:34 +0000 2017,Fri Aug 09 04:41:25 +0000 2013,ricardosaalv,531625565,384,443,realDonaldTrump,25073877,21958188,41,1329
824274487650689024,365694278845997057,Wed Jan 25 15:15:26 +0000 2017,Fri Aug 09 04:41:25 +0000 2013,Justice4Channon,816787496310894593,39,80,realDonaldTrump,25073877,21956086,41,1330
824274888550715393,365694278845997057,Wed Jan 25 15:17:02 +0000 2017,Fri Aug 09 04:41:25 +0000 2013,PvtCinnamonbun,1720819352,1133,652,realDonaldTrump,25073877,21956464,41,1331
824275183024427010,365694278845997057,Wed Jan 25 15:18:12 +0000 2017,Fri Aug 09 04:41:25 +0000 2013,ahbeef,3176861220,805,665,realDonaldTrump,25073877,21956748,41,1332
824275226443870211,365694278845997057,Wed Jan 25 15:18:22 +0000 2017,Fri Aug 09 04:41:25 +0000 2013,PhoenonX,231160451,371,1000,realDonaldTrump,25073877,21956789,41,1333
824275654371930113,365694278845997057,Wed Jan 25 15:20:04 +0000 2017,Fri Aug 09 04:41:25 +0000 2013,MEMEKING_XANDER,3004782573,506,456,realDonaldTrump,25073877,21957144,41,1334
824276505320652800,365694278845997057,Wed Jan 25 15:23:27 +0000 2017,Fri Aug 09 04:41:25 +0000 2013,KillerSpring1,329987532,112,127,realDonaldTrump,25073877,21957863,41,1335
824276558542241792,365694278845997057,Wed Jan 25 15:23:40 +0000 2017,Fri Aug 09 04:41:25 +0000 2013,LunarAphelion,720070388437356548,173,223,realDonaldTrump,25073877,21957869,41,1336
824276733855727616,365694278845997057,Wed Jan 25 15:24:22 +0000 2017,Fri Aug 09 04:41:25 +0000 2013,BigBurdle,4279685772,136,242,realDonaldTrump,25073877,21958093,41,1337
824278868659838976,365694278845997057,Wed Jan 25 15:32:51 +0000 2017,Fri Aug 09 04:41:25 +0000 2013,SpaceBarron,751011565,1501,98,realDonaldTrump,25073877,21964429,41,1338
824279008376487937,365694278845997057,Wed Jan 25 15:33:24 +0000 2017,Fri Aug 09 04:41:25 +0000 2013,blzkin,738811437208965120,7105,46,realDonaldTrump,25073877,21960134,41,1339
824280301576671232,365694278845997057,Wed Jan 25 15:38:32 +0000 2017,Fri Aug 09 04:41:25 +0000 2013,vaIspar,3038541036,65,171,realDonaldTrump,25073877,21965695,41,1339
824281526674358276,365694278845997057,Wed Jan 25 15:43:25 +0000 2017,Fri Aug 09 04:41:25 +0000 2013,BuddyJusty,761418137636106240,49,114,realDonaldTrump,25073877,21962274,41,1340
824281597142777857,365694278845997057,Wed Jan 25 15:43:41 +0000 2017,Fri Aug 09 04:41:25 +0000 2013,DUSTINBINS,2830020860,43,87,realDonaldTrump,25073877,21962326,41,1341
824284172495818752,365694278845997057,Wed Jan 25 15:53:55 +0000 2017,Fri Aug 09 04:41:25 +0000 2013,4UBigGoy4U,730444640822960129,570,220,realDonaldTrump,25073877,21960824,41,1342
824285639566880768,365694278845997057,Wed Jan 25 15:59:45 +0000 2017,Fri Aug 09 04:41:25 +0000 2013,RadishFarms,2821766402,2,55,realDonaldTrump,25073877,21962057,41,1343
824286280930443265,365694278845997057,Wed Jan 25 16:02:18 +0000 2017,Fri Aug 09 04:41:25 +0000 2013,Pisp_,4302013108,501,1044,realDonaldTrump,25073877,21962594,41,1344
824286329311731712,365694278845997057,Wed Jan 25 16:02:30 +0000 2017,Fri Aug 09 04:41:25 +0000 2013,NO_BOOT_DEVICE,493843593,1417,908,realDonaldTrump,25073877,21962637,41,1345
824286588171644928,365694278845997057,Wed Jan 25 16:03:31 +0000 2017,Fri Aug 09 04:41:25 +0000 2013,drac_slivre,711406417446510592,266,236,realDonaldTrump,25073877,21962861,41,1346
824286636137652224,365694278845997057,Wed Jan 25 16:03:43 +0000 2017,Fri Aug 09 04:41:25 +0000 2013,KNGRK9,16326019,22447,1516,realDonaldTrump,25073877,21962896,41,1347
824286712667009024,365694278845997057,Wed Jan 25 16:04:01 +0000 2017,Fri Aug 09 04:41:25 +0000 2013,presidentophile,499617752,3674,334,realDonaldTrump,25073877,21962960,41,1348
824287599527346176,365694278845997057,Wed Jan 25 16:07:32 +0000 2017,Fri Aug 09 04:41:25 +0000 2013,totbhhonest,2468343880,1097,182,realDonaldTrump,25073877,21963797,41,1349
824287692603199488,365694278845997057,Wed Jan 25 16:07:55 +0000 2017,Fri Aug 09 04:41:25 +0000 2013,SlythrnSrperior,3064641473,675,512,realDonaldTrump,25073877,21963877,41,1350
824289183552380928,365694278845997057,Wed Jan 25 16:13:50 +0000 2017,Fri Aug 09 04:41:25 +0000 2013,mercysmywaifu,780777414557261825,263,190,realDonaldTrump,25073877,21965194,41,1351
824289981321670656,365694278845997057,Wed Jan 25 16:17:00 +0000 2017,Fri Aug 09 04:41:25 +0000 2013,dollavi,3367207532,115,489,realDonaldTrump,25073877,21965853,41,1352
824292048207577088,365694278845997057,Wed Jan 25 16:25:13 +0000 2017,Fri Aug 09 04:41:25 +0000 2013,PhoenixBreeze01,3309965889,291,274,realDonaldTrump,25073877,21967611,41,1353
824294121514926080,365694278845997057,Wed Jan 25 16:33:27 +0000 2017,Fri Aug 09 04:41:25 +0000 2013,FreikugeI,2161796601,92,250,realDonaldTrump,25073877,21969362,41,1353
824294803160662018,365694278845997057,Wed Jan 25 16:36:10 +0000 2017,Fri Aug 09 04:41:25 +0000 2013,seeyakolo,2725785173,146,69,realDonaldTrump,25073877,21969930,41,1354
824295982074568706,365694278845997057,Wed Jan 25 16:40:51 +0000 2017,Fri Aug 09 04:41:25 +0000 2013,lloydconsole,505053436,126,62,realDonaldTrump,25073877,21970930,41,1355
824297062263099393,365694278845997057,Wed Jan 25 16:45:08 +0000 2017,Fri Aug 09 04:41:25 +0000 2013,JammerEkIsWit,733008765654536192,526,962,realDonaldTrump,25073877,21971913,41,1356
824297106122960896,365694278845997057,Wed Jan 25 16:45:19 +0000 2017,Fri Aug 09 04:41:25 +0000 2013,Jangulo157,1180616894,26,60,realDonaldTrump,25073877,21971955,41,1357
824298202958589952,365694278845997057,Wed Jan 25 16:49:40 +0000 2017,Fri Aug 09 04:41:25 +0000 2013,yungbarrontrump,2211013354,982,1814,realDonaldTrump,25073877,21972942,41,1358
824298473411530752,365694278845997057,Wed Jan 25 16:50:45 +0000 2017,Fri Aug 09 04:41:25 +0000 2013,Canad1an_Filth,816145082898231296,400,207,realDonaldTrump,25073877,21973180,41,1359
824298844414472192,365694278845997057,Wed Jan 25 16:52:13 +0000 2017,Fri Aug 09 04:41:25 +0000 2013,BasedLoller4,731599539094818816,2422,335,realDonaldTrump,25073877,21973489,41,1360
824298941391011840,365694278845997057,Wed Jan 25 16:52:37 +0000 2017,Fri Aug 09 04:41:25 +0000 2013,bakadesusenpai2,821170860245549057,226,541,realDonaldTrump,25073877,21973550,41,1361
824298945484443649,365694278845997057,Wed Jan 25 16:52:37 +0000 2017,Fri Aug 09 04:41:25 +0000 2013,TheSamuraiElf,450585169,15,67,realDonaldTrump,25073877,21979260,41,1362
824299003395371008,365694278845997057,Wed Jan 25 16:52:51 +0000 2017,Fri Aug 09 04:41:25 +0000 2013,Yuyuko_Saigyuji,2780003122,369,59,realDonaldTrump,25073877,21973597,41,1363
824299045455732738,365694278845997057,Wed Jan 25 16:53:01 +0000 2017,Fri Aug 09 04:41:25 +0000 2013,theragingautist,3198770264,789,1383,realDonaldTrump,25073877,21979346,41,1364
824299127877967872,365694278845997057,Wed Jan 25 16:53:21 +0000 2017,Fri Aug 09 04:41:25 +0000 2013,The_Highway_Guy,4268858719,238,234,realDonaldTrump,25073877,21979409,41,1365
824299221910167552,365694278845997057,Wed Jan 25 16:53:43 +0000 2017,Fri Aug 09 04:41:25 +0000 2013,tequilawerewolf,746916417291718658,223,486,realDonaldTrump,25073877,21973785,41,1366
824299246363045892,365694278845997057,Wed Jan 25 16:53:49 +0000 2017,Fri Aug 09 04:41:25 +0000 2013,wublob,85826884,255,1513,realDonaldTrump,25073877,21973810,41,1367
824299351707156480,365694278845997057,Wed Jan 25 16:54:14 +0000 2017,Fri Aug 09 04:41:25 +0000 2013,jerkmuffin,391425933,114,292,realDonaldTrump,25073877,21973888,41,1368
824299516077756416,365694278845997057,Wed Jan 25 16:54:54 +0000 2017,Fri Aug 09 04:41:25 +0000 2013,TylersSuicide,734027952518778882,8,69,realDonaldTrump,25073877,21974048,41,1369
824299643878207490,365694278845997057,Wed Jan 25 16:55:24 +0000 2017,Fri Aug 09 04:41:25 +0000 2013,krump4jesus,1064993761,227,813,realDonaldTrump,25073877,21974162,41,1370
824299910380081153,365694278845997057,Wed Jan 25 16:56:28 +0000 2017,Fri Aug 09 04:41:25 +0000 2013,gaypopplio,783415246530736129,239,423,realDonaldTrump,25073877,21974375,41,1371
824300593900568577,365694278845997057,Wed Jan 25 16:59:11 +0000 2017,Fri Aug 09 04:41:25 +0000 2013,veryuncooldude,3524225117,66,259,realDonaldTrump,25073877,21974934,41,1372
824304791480397824,365694278845997057,Wed Jan 25 17:15:51 +0000 2017,Fri Aug 09 04:41:25 +0000 2013,unclekuma,726880255961497602,25,81,realDonaldTrump,25073877,21978710,41,1373
824305073622814720,365694278845997057,Wed Jan 25 17:16:59 +0000 2017,Fri Aug 09 04:41:25 +0000 2013,autismouse,817097623945482240,26,136,realDonaldTrump,25073877,21978975,41,1374
824305099224862721,365694278845997057,Wed Jan 25 17:17:05 +0000 2017,Fri Aug 09 04:41:25 +0000 2013,CrustySeamen,819019851725471744,36,41,realDonaldTrump,25073877,21979004,41,1375
824305148226781184,365694278845997057,Wed Jan 25 17:17:16 +0000 2017,Fri Aug 09 04:41:25 +0000 2013,BagOFlour,2450957532,28,31,realDonaldTrump,25073877,21984761,41,1376
824305578113536001,365694278845997057,Wed Jan 25 17:18:59 +0000 2017,Fri Aug 09 04:41:25 +0000 2013,aidanmara,712543998506889216,73,68,realDonaldTrump,25073877,21985151,41,1377
824308381032808448,365694278845997057,Wed Jan 25 17:30:07 +0000 2017,Fri Aug 09 04:41:25 +0000 2013,MemeMaster9001,2806413011,92,153,realDonaldTrump,25073877,21981957,41,1377
824308663573770240,365694278845997057,Wed Jan 25 17:31:14 +0000 2017,Fri Aug 09 04:41:25 +0000 2013,bats_bby,3427983286,17,84,realDonaldTrump,25073877,21982207,41,1378
824309669896208384,365694278845997057,Wed Jan 25 17:35:14 +0000 2017,Fri Aug 09 04:41:25 +0000 2013,EstebanUReyes,1633371566,50,91,realDonaldTrump,25073877,21988815,41,1379
824311774333771778,365694278845997057,Wed Jan 25 17:43:36 +0000 2017,Fri Aug 09 04:41:25 +0000 2013,largeguyUUUU,823576409612447744,51,95,realDonaldTrump,25073877,21984891,41,1380
824312197904039936,365694278845997057,Wed Jan 25 17:45:17 +0000 2017,Fri Aug 09 04:41:25 +0000 2013,herb_saint,2323280144,1362,506,realDonaldTrump,25073877,21985225,41,1381
824312458059907075,365694278845997057,Wed Jan 25 17:46:19 +0000 2017,Fri Aug 09 04:41:25 +0000 2013,fuzzypickles_,2373420866,717,720,realDonaldTrump,25073877,21993108,41,1382
824312920892932096,365694278845997057,Wed Jan 25 17:48:09 +0000 2017,Fri Aug 09 04:41:25 +0000 2013,animetitty,1345681470,995,1018,realDonaldTrump,25073877,21993493,41,1383
824313478705876992,365694278845997057,Wed Jan 25 17:50:22 +0000 2017,Fri Aug 09 04:41:25 +0000 2013,SupahJesus666,1929894584,36,108,realDonaldTrump,25073877,21991963,41,1384
824313735300972544,365694278845997057,Wed Jan 25 17:51:24 +0000 2017,Fri Aug 09 04:41:25 +0000 2013,garfieldshoes,973211396,253,524,realDonaldTrump,25073877,21994129,41,1385
824313837490995201,365694278845997057,Wed Jan 25 17:51:48 +0000 2017,Fri Aug 09 04:41:25 +0000 2013,brendoot,741699812,471,329,realDonaldTrump,25073877,21994199,41,1386
824314007016341504,365694278845997057,Wed Jan 25 17:52:28 +0000 2017,Fri Aug 09 04:41:25 +0000 2013,ConceptHuman,3227474311,325,537,realDonaldTrump,25073877,21994344,41,1388
824314359635513344,365694278845997057,Wed Jan 25 17:53:53 +0000 2017,Fri Aug 09 04:41:25 +0000 2013,slimfitgenes,907514184,1122,619,realDonaldTrump,25073877,21992655,41,1389
824314575839313920,365694278845997057,Wed Jan 25 17:54:44 +0000 2017,Fri Aug 09 04:41:25 +0000 2013,MuchoTurnUp,756255906,353,492,realDonaldTrump,25073877,21992818,41,1390
824314870132834315,365694278845997057,Wed Jan 25 17:55:54 +0000 2017,Fri Aug 09 04:41:25 +0000 2013,SubsidiarityMan,2587530942,9939,1197,realDonaldTrump,25073877,21995005,41,1391
824315434879111168,365694278845997057,Wed Jan 25 17:58:09 +0000 2017,Fri Aug 09 04:41:25 +0000 2013,_jamesreese,2889319369,173,220,realDonaldTrump,25073877,21995446,41,1393
824317869798195200,365694278845997057,Wed Jan 25 18:07:49 +0000 2017,Fri Aug 09 04:41:25 +0000 2013,Mor0_,776138077483835392,3,42,realDonaldTrump,25073877,21995558,41,1394
824318525506519047,365694278845997057,Wed Jan 25 18:10:26 +0000 2017,Fri Aug 09 04:41:25 +0000 2013,frcDEAD,3346294715,665,3048,realDonaldTrump,25073877,21998100,41,1395
824319402640343043,365694278845997057,Wed Jan 25 18:13:55 +0000 2017,Fri Aug 09 04:41:25 +0000 2013,xCanadensis,788206058,302,1175,realDonaldTrump,25073877,21998838,41,1395
824323091128000512,365694278845997057,Wed Jan 25 18:28:34 +0000 2017,Fri Aug 09 04:41:25 +0000 2013,lneroine,2728610300,119,76,realDonaldTrump,25073877,22002016,41,1396
824323314915147778,365694278845997057,Wed Jan 25 18:29:28 +0000 2017,Fri Aug 09 04:41:25 +0000 2013,TheMarcStone,36306770,2101,440,realDonaldTrump,25073877,22002192,41,1397
824324252593700864,365694278845997057,Wed Jan 25 18:33:11 +0000 2017,Fri Aug 09 04:41:25 +0000 2013,lilithsclub,801479084182278144,138,338,realDonaldTrump,25073877,22003003,41,1398
824325659510112258,365694278845997057,Wed Jan 25 18:38:47 +0000 2017,Fri Aug 09 04:41:25 +0000 2013,gateaumon,66654515,128,443,realDonaldTrump,25073877,22004228,41,1399
824325853643472910,365694278845997057,Wed Jan 25 18:39:33 +0000 2017,Fri Aug 09 04:41:25 +0000 2013,ikari_png,790940450081366016,19,39,realDonaldTrump,25073877,22004399,41,1400
824326861333397506,365694278845997057,Wed Jan 25 18:43:33 +0000 2017,Fri Aug 09 04:41:25 +0000 2013,PEACHBL00M,739785988654923776,79,98,realDonaldTrump,25073877,22005247,41,1401
824328202197864450,365694278845997057,Wed Jan 25 18:48:53 +0000 2017,Fri Aug 09 04:41:25 +0000 2013,EddieSpaghetti_,723688858827657217,155,174,realDonaldTrump,25073877,22006404,41,1402
824329310072774656,365694278845997057,Wed Jan 25 18:53:17 +0000 2017,Fri Aug 09 04:41:25 +0000 2013,_handasei,1863167149,125,101,realDonaldTrump,25073877,22008584,41,1403
824330781531127809,365694278845997057,Wed Jan 25 18:59:08 +0000 2017,Fri Aug 09 04:41:25 +0000 2013,slafto,3567460339,44,127,realDonaldTrump,25073877,22009819,41,1404
824331520852668416,365694278845997057,Wed Jan 25 19:02:04 +0000 2017,Fri Aug 09 04:41:25 +0000 2013,SernaLogan,427609214,31,96,realDonaldTrump,25073877,22010449,41,1405
824332238930268160,365694278845997057,Wed Jan 25 19:04:55 +0000 2017,Fri Aug 09 04:41:25 +0000 2013,SamuelBStowers,393682076,941,672,realDonaldTrump,25073877,22009749,41,1406
824335265523240960,365694278845997057,Wed Jan 25 19:16:57 +0000 2017,Fri Aug 09 04:41:25 +0000 2013,RXTZMafiaboyz,2225863945,74,156,realDonaldTrump,25073877,22012340,41,1408
824337006440435715,365694278845997057,Wed Jan 25 19:23:52 +0000 2017,Fri Aug 09 04:41:25 +0000 2013,AndrewRoks1998,131944933,148,241,realDonaldTrump,25073877,22013713,41,1409
824341834331676672,365694278845997057,Wed Jan 25 19:43:03 +0000 2017,Fri Aug 09 04:41:25 +0000 2013,_literally_who,809848397205159936,15,22,realDonaldTrump,25073877,22018906,41,1410
824343502423281678,365694278845997057,Wed Jan 25 19:49:41 +0000 2017,Fri Aug 09 04:41:25 +0000 2013,radical_idaltu,4071225495,16,48,realDonaldTrump,25073877,22021168,41,1411
824344104347635712,365694278845997057,Wed Jan 25 19:52:04 +0000 2017,Fri Aug 09 04:41:25 +0000 2013,ItsCestial,1932315278,372,57,realDonaldTrump,25073877,22020691,41,1412
824346978469429248,365694278845997057,Wed Jan 25 20:03:29 +0000 2017,Fri Aug 09 04:41:25 +0000 2013,XenonL07,2942895388,226,663,realDonaldTrump,25073877,22023779,41,1413
824353821119819776,365694278845997057,Wed Jan 25 20:30:41 +0000 2017,Fri Aug 09 04:41:25 +0000 2013,kyluxhoe,3180993234,286,152,realDonaldTrump,25073877,22029062,41,1414
824354597724717056,365694278845997057,Wed Jan 25 20:33:46 +0000 2017,Fri Aug 09 04:41:25 +0000 2013,TheronVilmeir,1629477835,397,296,realDonaldTrump,25073877,22029645,41,1415
824355971455709184,365694278845997057,Wed Jan 25 20:39:14 +0000 2017,Fri Aug 09 04:41:25 +0000 2013,diey_na,813834224545464320,12,81,realDonaldTrump,25073877,22030621,41,1416
824361896040087554,365694278845997057,Wed Jan 25 21:02:46 +0000 2017,Fri Aug 09 04:41:25 +0000 2013,ForPlebs,755401950548623360,640,1666,realDonaldTrump,25073877,22034996,41,1416
824362804421525504,365694278845997057,Wed Jan 25 21:06:23 +0000 2017,Fri Aug 09 04:41:25 +0000 2013,VorpalSBlade,2979913228,20,22,realDonaldTrump,25073877,22035727,41,1417
824364000771264512,365694278845997057,Wed Jan 25 21:11:08 +0000 2017,Fri Aug 09 04:41:25 +0000 2013,raulthedonkey,3098165482,2507,530,realDonaldTrump,25073877,22036569,41,1418
824364035743371266,365694278845997057,Wed Jan 25 21:11:16 +0000 2017,Fri Aug 09 04:41:25 +0000 2013,okhandsign,2693849133,1699,262,realDonaldTrump,25073877,22036600,41,1419
824364266186752004,365694278845997057,Wed Jan 25 21:12:11 +0000 2017,Fri Aug 09 04:41:25 +0000 2013,memepieceofshit,738194528172003328,585,423,realDonaldTrump,25073877,22036746,41,1420
824364438396485634,365694278845997057,Wed Jan 25 21:12:52 +0000 2017,Fri Aug 09 04:41:25 +0000 2013,WithANewRecipe,3461580972,256,39,realDonaldTrump,25073877,22036898,41,1421
824365175881011200,365694278845997057,Wed Jan 25 21:15:48 +0000 2017,Fri Aug 09 04:41:25 +0000 2013,FuckingTheMeme,2906842930,260,114,realDonaldTrump,25073877,22037449,41,1422
824366790553767936,365694278845997057,Wed Jan 25 21:22:13 +0000 2017,Fri Aug 09 04:41:25 +0000 2013,FAEOTUS,3254557023,126,213,realDonaldTrump,25073877,22038638,41,1423
824368078398128129,365694278845997057,Wed Jan 25 21:27:20 +0000 2017,Fri Aug 09 04:41:25 +0000 2013,GUEHRO,1601828256,209,307,realDonaldTrump,25073877,22039577,41,1425
824369103087472642,365694278845997057,Wed Jan 25 21:31:24 +0000 2017,Fri Aug 09 04:41:25 +0000 2013,vincent_m8,3047779419,70,148,realDonaldTrump,25073877,22040272,41,1426
824372460854329344,365694278845997057,Wed Jan 25 21:44:45 +0000 2017,Fri Aug 09 04:41:25 +0000 2013,BellyButtonBob,1258326626,461,419,realDonaldTrump,25073877,22042519,41,1427
824374779377393664,365694278845997057,Wed Jan 25 21:53:58 +0000 2017,Fri Aug 09 04:41:25 +0000 2013,10ckejordan,4291567785,167,284,realDonaldTrump,25073877,22044044,41,1428
824375120194060293,365694278845997057,Wed Jan 25 21:55:19 +0000 2017,Fri Aug 09 04:41:25 +0000 2013,rojitasxD1992,2245658040,41,36,realDonaldTrump,25073877,22044241,41,1429
824383171714101250,365694278845997057,Wed Jan 25 22:27:19 +0000 2017,Fri Aug 09 04:41:25 +0000 2013,eBorderPatrol,571555458,34,59,realDonaldTrump,25073877,22049706,41,1430
824385387468648449,365694278845997057,Wed Jan 25 22:36:07 +0000 2017,Fri Aug 09 04:41:25 +0000 2013,TheHamming,2260686947,299,745,realDonaldTrump,25073877,22051197,41,1430
824392103513952256,365694278845997057,Wed Jan 25 23:02:48 +0000 2017,Fri Aug 09 04:41:25 +0000 2013,billycrossover,55854391,1101,444,realDonaldTrump,25073877,22055599,41,1431
824392198670184448,365694278845997057,Wed Jan 25 23:03:11 +0000 2017,Fri Aug 09 04:41:25 +0000 2013,billycrossover,55854391,1101,444,realDonaldTrump,25073877,22055672,41,1431
824392734077292544,365694278845997057,Wed Jan 25 23:05:18 +0000 2017,Fri Aug 09 04:41:25 +0000 2013,SuspendedShaaa,783125455838773248,2117,988,realDonaldTrump,25073877,22056003,41,1432
824394861000462336,365694278845997057,Wed Jan 25 23:13:46 +0000 2017,Fri Aug 09 04:41:25 +0000 2013,FauxAndyLuck,1033798772,19403,151,realDonaldTrump,25073877,22057549,41,1433
824395223858036736,365694278845997057,Wed Jan 25 23:15:12 +0000 2017,Fri Aug 09 04:41:25 +0000 2013,Carlos_Duarte5,803291350389100544,20,99,realDonaldTrump,25073877,22057836,41,1434
824401188670078977,365694278845997057,Wed Jan 25 23:38:54 +0000 2017,Fri Aug 09 04:41:25 +0000 2013,realDolnadTrump,708409574726840320,1315,343,realDonaldTrump,25073877,22062123,41,1434
824410143127457792,365694278845997057,Thu Jan 26 00:14:29 +0000 2017,Fri Aug 09 04:41:25 +0000 2013,DakSZN,4921164659,344,1018,realDonaldTrump,25073877,22068211,41,1435
824420575716052992,365694278845997057,Thu Jan 26 00:55:56 +0000 2017,Fri Aug 09 04:41:25 +0000 2013,destroyfrog,1108445132,2194,482,realDonaldTrump,25073877,22075893,41,1436
824420672558559232,365694278845997057,Thu Jan 26 00:56:19 +0000 2017,Fri Aug 09 04:41:25 +0000 2013,Foggerson,3292321505,825,548,realDonaldTrump,25073877,22075884,41,1438
824420678669598721,365694278845997057,Thu Jan 26 00:56:21 +0000 2017,Fri Aug 09 04:41:25 +0000 2013,OrangeSheep14,1559386442,429,480,realDonaldTrump,25073877,22075888,41,1439
824420686215077888,365694278845997057,Thu Jan 26 00:56:23 +0000 2017,Fri Aug 09 04:41:25 +0000 2013,209twitch,263861118,1387,511,realDonaldTrump,25073877,22075969,41,1440
824420757094535168,365694278845997057,Thu Jan 26 00:56:40 +0000 2017,Fri Aug 09 04:41:25 +0000 2013,dwell57,920665256,163,562,realDonaldTrump,25073877,22076022,41,1441
824420813348614145,365694278845997057,Thu Jan 26 00:56:53 +0000 2017,Fri Aug 09 04:41:25 +0000 2013,Hitoshura,3166039508,1739,258,realDonaldTrump,25073877,22076067,41,1442
824420840653656064,365694278845997057,Thu Jan 26 00:57:00 +0000 2017,Fri Aug 09 04:41:25 +0000 2013,pitta39,741113074246135808,57,96,realDonaldTrump,25073877,22076007,41,1443
824420960560447489,365694278845997057,Thu Jan 26 00:57:28 +0000 2017,Fri Aug 09 04:41:25 +0000 2013,shinmemertgami,1596731024,508,758,realDonaldTrump,25073877,22076099,41,1444
824421148989542411,365694278845997057,Thu Jan 26 00:58:13 +0000 2017,Fri Aug 09 04:41:25 +0000 2013,Stairfax,881321066,1338,328,realDonaldTrump,25073877,22076220,41,1446
824421227045412866,365694278845997057,Thu Jan 26 00:58:32 +0000 2017,Fri Aug 09 04:41:25 +0000 2013,Orange_kun,323643421,394,369,realDonaldTrump,25073877,22076386,41,1447
824421334977384448,365694278845997057,Thu Jan 26 00:58:57 +0000 2017,Fri Aug 09 04:41:25 +0000 2013,RadikalMagikal,2822051001,228,305,realDonaldTrump,25073877,22076465,41,1448
824421397921406977,365694278845997057,Thu Jan 26 00:59:12 +0000 2017,Fri Aug 09 04:41:25 +0000 2013,FallenPOTUS,420717649,815,451,realDonaldTrump,25073877,22076432,41,1449
824422263109808129,365694278845997057,Thu Jan 26 01:02:39 +0000 2017,Fri Aug 09 04:41:25 +0000 2013,scumpapi,424731452,11226,55,realDonaldTrump,25073877,22077147,41,1450
824422385302564864,365694278845997057,Thu Jan 26 01:03:08 +0000 2017,Fri Aug 09 04:41:25 +0000 2013,djohnwange,3223867363,201,280,realDonaldTrump,25073877,22077162,41,1451
824422399567364096,365694278845997057,Thu Jan 26 01:03:11 +0000 2017,Fri Aug 09 04:41:25 +0000 2013,austinkramer_,2463134386,409,238,realDonaldTrump,25073877,22077173,41,1452
824422728669224960,365694278845997057,Thu Jan 26 01:04:30 +0000 2017,Fri Aug 09 04:41:25 +0000 2013,Fort,17326420,3292,325,realDonaldTrump,25073877,22077404,41,1453
824422972765175809,365694278845997057,Thu Jan 26 01:05:28 +0000 2017,Fri Aug 09 04:41:25 +0000 2013,Thuprume,2628936875,280,202,realDonaldTrump,25073877,22077556,41,1454
824423531354198016,365694278845997057,Thu Jan 26 01:07:41 +0000 2017,Fri Aug 09 04:41:25 +0000 2013,JOHNofWAR,163999430,308,624,realDonaldTrump,25073877,22077982,41,1455
824423725638549504,365694278845997057,Thu Jan 26 01:08:27 +0000 2017,Fri Aug 09 04:41:25 +0000 2013,JTMcManus_,2250881104,389,767,realDonaldTrump,25073877,22078118,41,1456
824424011602034688,365694278845997057,Thu Jan 26 01:09:36 +0000 2017,Fri Aug 09 04:41:25 +0000 2013,zaogon,3356281395,204,194,realDonaldTrump,25073877,22078301,41,1457
824425083133431808,365694278845997057,Thu Jan 26 01:13:51 +0000 2017,Fri Aug 09 04:41:25 +0000 2013,4DChessMaster,3189997362,134,731,realDonaldTrump,25073877,22079059,41,1458
824425233985609728,365694278845997057,Thu Jan 26 01:14:27 +0000 2017,Fri Aug 09 04:41:25 +0000 2013,yacking,2308612502,264,150,realDonaldTrump,25073877,22079244,41,1459
824425290961211393,365694278845997057,Thu Jan 26 01:14:41 +0000 2017,Fri Aug 09 04:41:25 +0000 2013,brandenofwheat,2849953487,296,209,realDonaldTrump,25073877,22079214,41,1460
824425312440250372,365694278845997057,Thu Jan 26 01:14:46 +0000 2017,Fri Aug 09 04:41:25 +0000 2013,GabrielBKing,902409210,315,275,realDonaldTrump,25073877,22079234,41,1461
824425493319610369,365694278845997057,Thu Jan 26 01:15:29 +0000 2017,Fri Aug 09 04:41:25 +0000 2013,lexIooper,367237554,527,520,realDonaldTrump,25073877,22079338,41,1462
824425713608617985,365694278845997057,Thu Jan 26 01:16:21 +0000 2017,Fri Aug 09 04:41:25 +0000 2013,alfonso4ab,2529230411,879,420,realDonaldTrump,25073877,22079488,41,1463
824425830558343168,365694278845997057,Thu Jan 26 01:16:49 +0000 2017,Fri Aug 09 04:41:25 +0000 2013,charlie2399,984609961,282,287,realDonaldTrump,25073877,22079555,41,1464
824426316749537280,365694278845997057,Thu Jan 26 01:18:45 +0000 2017,Fri Aug 09 04:41:25 +0000 2013,trev9575,431985868,250,117,realDonaldTrump,25073877,22079898,41,1465
824426527186124800,365694278845997057,Thu Jan 26 01:19:35 +0000 2017,Fri Aug 09 04:41:25 +0000 2013,johnmb007,2895140827,365,394,realDonaldTrump,25073877,22080049,41,1466
824427731496505345,365694278845997057,Thu Jan 26 01:24:22 +0000 2017,Fri Aug 09 04:41:25 +0000 2013,not_qc_cam,4252105694,152,85,realDonaldTrump,25073877,22081000,41,1468
824427993615466496,365694278845997057,Thu Jan 26 01:25:25 +0000 2017,Fri Aug 09 04:41:25 +0000 2013,gegtik,136259659,1262,196,realDonaldTrump,25073877,22081127,41,1469
824428104852631556,365694278845997057,Thu Jan 26 01:25:51 +0000 2017,Fri Aug 09 04:41:25 +0000 2013,whyamsky,1671015151,208,185,realDonaldTrump,25073877,22081205,41,1470
824428407131934720,365694278845997057,Thu Jan 26 01:27:04 +0000 2017,Fri Aug 09 04:41:25 +0000 2013,SuccMeOff,728086008932143105,76,123,realDonaldTrump,25073877,22081437,41,1471
824429053046317057,365694278845997057,Thu Jan 26 01:29:38 +0000 2017,Fri Aug 09 04:41:25 +0000 2013,EDMforTrump,3286977229,62,528,realDonaldTrump,25073877,22081909,41,1472
824430715370512385,365694278845997057,Thu Jan 26 01:36:14 +0000 2017,Fri Aug 09 04:41:25 +0000 2013,migueltheawsome,176909548,256,622,realDonaldTrump,25073877,22083120,41,1473
824430745292832770,365694278845997057,Thu Jan 26 01:36:21 +0000 2017,Fri Aug 09 04:41:25 +0000 2013,sloppityboppity,362554065,62,161,realDonaldTrump,25073877,22083066,41,1474
824431677569204224,365694278845997057,Thu Jan 26 01:40:03 +0000 2017,Fri Aug 09 04:41:25 +0000 2013,shankney,166487306,4379,569,realDonaldTrump,25073877,22083763,41,1475
824431943144144896,365694278845997057,Thu Jan 26 01:41:07 +0000 2017,Fri Aug 09 04:41:25 +0000 2013,CissyScum,4765867515,1735,2214,realDonaldTrump,25073877,22083946,41,1476
824432339228844032,365694278845997057,Thu Jan 26 01:42:41 +0000 2017,Fri Aug 09 04:41:25 +0000 2013,FoyldeBoyl,4271991793,300,91,realDonaldTrump,25073877,22084288,41,1477
824433224139112448,365694278845997057,Thu Jan 26 01:46:12 +0000 2017,Fri Aug 09 04:41:25 +0000 2013,thejoggindead_,2242926792,56,22,realDonaldTrump,25073877,22083835,41,1479
824435990441955329,365694278845997057,Thu Jan 26 01:57:12 +0000 2017,Fri Aug 09 04:41:25 +0000 2013,JakeSnyder96,463357876,530,379,realDonaldTrump,25073877,22085869,41,1480
824440133676048384,365694278845997057,Thu Jan 26 02:13:39 +0000 2017,Fri Aug 09 04:41:25 +0000 2013,Mike_The_Taco,1390956818,666,1763,realDonaldTrump,25073877,22088850,41,1481
824441412422959105,365694278845997057,Thu Jan 26 02:18:44 +0000 2017,Fri Aug 09 04:41:25 +0000 2013,fgtveassassin,1957852538,66,71,realDonaldTrump,25073877,22089753,41,1482
824442905683263488,365694278845997057,Thu Jan 26 02:24:40 +0000 2017,Fri Aug 09 04:41:25 +0000 2013,Father______,3130237785,165,304,realDonaldTrump,25073877,22090912,41,1483
824455122197549060,365694278845997057,Thu Jan 26 03:13:13 +0000 2017,Fri Aug 09 04:41:25 +0000 2013,drac_slivre,711406417446510592,270,235,realDonaldTrump,25073877,22099634,41,1483
824455580970524673,365694278845997057,Thu Jan 26 03:15:02 +0000 2017,Fri Aug 09 04:41:25 +0000 2013,Scythe_______,2924331395,595,276,realDonaldTrump,25073877,22099938,41,1484
824455874538250242,365694278845997057,Thu Jan 26 03:16:12 +0000 2017,Fri Aug 09 04:41:25 +0000 2013,J15P,530803190,792,488,realDonaldTrump,25073877,22100170,41,1485
824466992476233728,365694278845997057,Thu Jan 26 04:00:23 +0000 2017,Fri Aug 09 04:41:25 +0000 2013,charlestully_,731936204577484801,62,131,realDonaldTrump,25073877,22108690,41,1486
824467662122184704,365694278845997057,Thu Jan 26 04:03:03 +0000 2017,Fri Aug 09 04:41:25 +0000 2013,IbnElKalb,814608320606650372,46,68,realDonaldTrump,25073877,22108290,41,1487
824468428631248896,365694278845997057,Thu Jan 26 04:06:05 +0000 2017,Fri Aug 09 04:41:25 +0000 2013,Juicemanng,2452076552,120,63,realDonaldTrump,25073877,22108822,41,1489
824473026993541120,365694278845997057,Thu Jan 26 04:24:22 +0000 2017,Fri Aug 09 04:41:25 +0000 2013,EVAC0M,3228457637,211,680,realDonaldTrump,25073877,22111863,41,1490
824473721771556864,365694278845997057,Thu Jan 26 04:27:07 +0000 2017,Fri Aug 09 04:41:25 +0000 2013,SH0CKSITE,4421741896,55,45,realDonaldTrump,25073877,22112310,41,1492
824474068804050944,365694278845997057,Thu Jan 26 04:28:30 +0000 2017,Fri Aug 09 04:41:25 +0000 2013,ScorpGnarlyBich,2384595091,242,633,realDonaldTrump,25073877,22112525,41,1493
824474215055294464,365694278845997057,Thu Jan 26 04:29:05 +0000 2017,Fri Aug 09 04:41:25 +0000 2013,ghoulorb,3750220877,28,141,realDonaldTrump,25073877,22112619,41,1494
824474433658257411,365694278845997057,Thu Jan 26 04:29:57 +0000 2017,Fri Aug 09 04:41:25 +0000 2013,atalvareo,7496762,183,471,realDonaldTrump,25073877,22112748,41,1495
824475794357489664,365694278845997057,Thu Jan 26 04:35:22 +0000 2017,Fri Aug 09 04:41:25 +0000 2013,Cthuluhoop11,2991147513,423,157,realDonaldTrump,25073877,22113597,41,1496
824478205977452548,365694278845997057,Thu Jan 26 04:44:57 +0000 2017,Fri Aug 09 04:41:25 +0000 2013,confettidick,291328126,142,205,realDonaldTrump,25073877,22115072,41,1497
824484680837853186,365694278845997057,Thu Jan 26 05:10:40 +0000 2017,Fri Aug 09 04:41:25 +0000 2013,InNeedOfAlimony,823694593933934595,359,310,realDonaldTrump,25073877,22118735,41,1498
824484740992339968,365694278845997057,Thu Jan 26 05:10:55 +0000 2017,Fri Aug 09 04:41:25 +0000 2013,Trophyking94,726130407821840385,282,599,realDonaldTrump,25073877,22119255,41,1499
824485990299471874,365694278845997057,Thu Jan 26 05:15:52 +0000 2017,Fri Aug 09 04:41:25 +0000 2013,imfinnanutb,2792862451,339,147,realDonaldTrump,25073877,22119480,41,1499
824501522742607872,365694278845997057,Thu Jan 26 06:17:36 +0000 2017,Fri Aug 09 04:41:25 +0000 2013,mattbfarwell,25077028,2132,2035,realDonaldTrump,25073877,22126299,41,1500
824501953782775808,365694278845997057,Thu Jan 26 06:19:18 +0000 2017,Fri Aug 09 04:41:25 +0000 2013,RedKhan1,317961061,635,1324,realDonaldTrump,25073877,22126498,41,1501
824502588682809344,365694278845997057,Thu Jan 26 06:21:50 +0000 2017,Fri Aug 09 04:41:25 +0000 2013,natehanco,935846029,278,637,realDonaldTrump,25073877,22127186,41,1502
824514036305891328,365694278845997057,Thu Jan 26 07:07:19 +0000 2017,Fri Aug 09 04:41:25 +0000 2013,SquintingNewt,3183189896,66,122,realDonaldTrump,25073877,22131087,41,1503
824609006996115456,365694278845997057,Thu Jan 26 13:24:42 +0000 2017,Fri Aug 09 04:41:25 +0000 2013,fk5wk0r1w6,3297338140,199,81,realDonaldTrump,25073877,22165050,41,1503
824610340398919680,365694278845997057,Thu Jan 26 13:30:00 +0000 2017,Fri Aug 09 04:41:25 +0000 2013,Kiwi__Juice,2547139831,156,194,realDonaldTrump,25073877,22165921,41,1504
824627458561503233,365694278845997057,Thu Jan 26 14:38:01 +0000 2017,Fri Aug 09 04:41:25 +0000 2013,_J32P_,3044723537,343,551,realDonaldTrump,25073877,22182314,41,1504
824665418828746753,365694278845997057,Thu Jan 26 17:08:52 +0000 2017,Fri Aug 09 04:41:25 +0000 2013,valentinntzh,790158732114223104,1,60,realDonaldTrump,25073877,22221156,41,1505
824690809673023488,365694278845997057,Thu Jan 26 18:49:45 +0000 2017,Fri Aug 09 04:41:25 +0000 2013,ThePapaSpicy,724817135877365761,13,19,realDonaldTrump,25073877,22249198,41,1506
824706670227968000,365694278845997057,Thu Jan 26 19:52:47 +0000 2017,Fri Aug 09 04:41:25 +0000 2013,tigertrollz2,785257087987093504,1531,2686,realDonaldTrump,25073877,22263869,41,1507
824746232320970752,365694278845997057,Thu Jan 26 22:29:59 +0000 2017,Fri Aug 09 04:41:25 +0000 2013,aktics,753804643268857856,342,723,realDonaldTrump,25073877,22294044,41,1508
824746436818518016,365694278845997057,Thu Jan 26 22:30:48 +0000 2017,Fri Aug 09 04:41:25 +0000 2013,truettmb,4367439148,230,259,realDonaldTrump,25073877,22293662,41,1509
824800175545843712,365694278845997057,Fri Jan 27 02:04:20 +0000 2017,Fri Aug 09 04:41:25 +0000 2013,mkzmw,37539189,49,235,realDonaldTrump,25073877,22326510,41,1511
824806648321433600,365694278845997057,Fri Jan 27 02:30:03 +0000 2017,Fri Aug 09 04:41:25 +0000 2013,rinank_,492791024,933,2165,realDonaldTrump,25073877,22330751,41,1512
824842917147668482,365694278845997057,Fri Jan 27 04:54:10 +0000 2017,Fri Aug 09 04:41:25 +0000 2013,BARACK_08BAMA,2900025768,989,340,realDonaldTrump,25073877,22351935,41,1513
824849236248244226,365694278845997057,Fri Jan 27 05:19:17 +0000 2017,Fri Aug 09 04:41:25 +0000 2013,rinank_,492791024,936,2169,realDonaldTrump,25073877,22355112,41,1514
824849641778733056,365694278845997057,Fri Jan 27 05:20:54 +0000 2017,Fri Aug 09 04:41:25 +0000 2013,prettybinladen,137878848,2238,929,realDonaldTrump,25073877,22355304,41,1515
824849910440685568,365694278845997057,Fri Jan 27 05:21:58 +0000 2017,Fri Aug 09 04:41:25 +0000 2013,MattPitts_,267949435,219,255,realDonaldTrump,25073877,22355412,41,1516
824852785527021569,365694278845997057,Fri Jan 27 05:33:23 +0000 2017,Fri Aug 09 04:41:25 +0000 2013,samelpan,328794853,1555,473,realDonaldTrump,25073877,22356691,41,1517
824853023453089793,365694278845997057,Fri Jan 27 05:34:20 +0000 2017,Fri Aug 09 04:41:25 +0000 2013,NOTVIKING,1147039789,842,558,realDonaldTrump,25073877,22356803,41,1518
824869167023009793,365694278845997057,Fri Jan 27 06:38:29 +0000 2017,Fri Aug 09 04:41:25 +0000 2013,sigmuuu,3100868908,628,676,realDonaldTrump,25073877,22362584,41,1519
824985113607938048,365694278845997057,Fri Jan 27 14:19:13 +0000 2017,Fri Aug 09 04:41:25 +0000 2013,DaRealSnoop,748171426318913536,46,162,realDonaldTrump,25073877,22403479,41,1519
824986197285933057,365694278845997057,Fri Jan 27 14:23:31 +0000 2017,Fri Aug 09 04:41:25 +0000 2013,R0T8TN,716583276832423936,224,17,realDonaldTrump,25073877,22404642,41,1520
824990836995788800,365694278845997057,Fri Jan 27 14:41:57 +0000 2017,Fri Aug 09 04:41:25 +0000 2013,sixxtylol,606896711,421,207,realDonaldTrump,25073877,22406896,41,1521
825011574893076480,365694278845997057,Fri Jan 27 16:04:22 +0000 2017,Fri Aug 09 04:41:25 +0000 2013,iguy2002,3600498984,110,713,realDonaldTrump,25073877,22419631,41,1522
825064775050788868,365694278845997057,Fri Jan 27 19:35:45 +0000 2017,Fri Aug 09 04:41:25 +0000 2013,iownwindows8,2699488914,309,187,realDonaldTrump,25073877,22449652,41,1522
825096771978268680,365694278845997057,Fri Jan 27 21:42:54 +0000 2017,Fri Aug 09 04:41:25 +0000 2013,NegroErosion,263403225,41,37,realDonaldTrump,25073877,22464419,41,1522
825192886127824896,365694278845997057,Sat Jan 28 04:04:50 +0000 2017,Fri Aug 09 04:41:25 +0000 2013,Hummus_Badger,949228741,30,224,realDonaldTrump,25073877,22502173,41,1521
825462938018410496,365694278845997057,Sat Jan 28 21:57:55 +0000 2017,Fri Aug 09 04:41:25 +0000 2013,timoyveigh,794591483596853249,9,6,realDonaldTrump,25073877,22593435,41,1523
826109598578987008,365694278845997057,Mon Jan 30 16:47:31 +0000 2017,Fri Aug 09 04:41:25 +0000 2013,goodbyesunrise1,748999126235447296,737,415,realDonaldTrump,25073877,22893612,41,1523
826553180569890817,788912595189112832,Tue Jan 31 22:10:09 +0000 2017,Thu Oct 20 01:19:54 +0000 2016,catrenick,2965516012,517,646,USAneedsTRUMP,3974665634,42037,1796,3662
826775023704748032,365694278845997057,Wed Feb 01 12:51:41 +0000 2017,Fri Aug 09 04:41:25 +0000 2013,drac_slivre,711406417446510592,303,244,realDonaldTrump,25073877,23158110,41,1522
826775121088110592,365694278845997057,Wed Feb 01 12:52:04 +0000 2017,Fri Aug 09 04:41:25 +0000 2013,PanicHippy,2482948878,1871,925,realDonaldTrump,25073877,23158114,41,1523
826789132601008128,365694278845997057,Wed Feb 01 13:47:44 +0000 2017,Fri Aug 09 04:41:25 +0000 2013,LARGEFUCKPAPI,4676540018,189,79,realDonaldTrump,25073877,23163168,41,1524
826796332178403328,365694278845997057,Wed Feb 01 14:16:21 +0000 2017,Fri Aug 09 04:41:25 +0000 2013,KosherLightning,1948160420,120,315,realDonaldTrump,25073877,23166474,41,1525
827370576318709760,365694278845997057,Fri Feb 03 04:18:11 +0000 2017,Fri Aug 09 04:41:25 +0000 2013,PurpleGlovez,4013218330,200,833,realDonaldTrump,25073877,23387173,41,1523
827761012350840833,365694278845997057,Sat Feb 04 06:09:39 +0000 2017,Fri Aug 09 04:41:25 +0000 2013,HoustonWelder,3260503620,10095,11033,realDonaldTrump,25073877,23579383,41,1522
827946776250482689,365694278845997057,Sat Feb 04 18:27:48 +0000 2017,Fri Aug 09 04:41:25 +0000 2013,SMOKExDUST,470451386,278,555,realDonaldTrump,25073877,23665925,41,1521
827983702206590976,365694278845997057,Sat Feb 04 20:54:32 +0000 2017,Fri Aug 09 04:41:25 +0000 2013,msanv26,4244709119,31,64,realDonaldTrump,25073877,23687743,41,1522
829035961916981248,365694278845997057,Tue Feb 07 18:35:50 +0000 2017,Fri Aug 09 04:41:25 +0000 2013,jmangulo751,726194459428327424,16,73,realDonaldTrump,25073877,24123371,41,1519
830567918001721344,365694278845997057,Sun Feb 12 00:03:17 +0000 2017,Fri Aug 09 04:41:25 +0000 2013,HipstaKevin,507303199,577,449,realDonaldTrump,25073877,24606023,42,1517
