Time Difference,Retweet Count
00:03:55,46
00:29:34,180
01:22:08,420
01:22:57,426
01:40:37,488
02:27:03,620
02:58:22,688
03:45:15,758
00:00:18,4
00:03:11,68
00:04:41,108
00:05:55,136
00:10:55,203
00:16:02,251
00:18:56,277
00:23:24,310
00:24:38,312
00:25:48,320
00:28:19,332
00:30:13,338
00:56:21,434
01:00:17,459
01:00:34,462
01:03:23,470
01:33:15,609
01:50:10,672
01:50:25,674
02:06:26,704
03:28:54,791
03:31:56,794
04:18:56,841
07:30:25,979
08:34:19,1136
00:01:38,37
00:02:15,59
00:02:37,71
00:02:37,72
00:05:01,186
00:06:15,228
00:09:23,318
00:10:06,335
00:10:49,347
00:10:51,348
00:15:22,435
00:16:43,460
00:17:10,466
00:17:21,470
00:20:22,515
00:20:23,516
00:24:25,571
00:26:11,585
00:26:17,586
00:32:43,648
00:36:11,689
00:41:42,744
00:53:51,875
00:55:13,888
00:58:17,920
00:59:43,933
01:01:23,948
01:20:21,1089
01:23:09,1114
01:26:00,1136
01:27:41,1150
01:37:13,1233
01:37:56,1236
01:37:59,1237
01:39:29,1248
01:39:34,1251
01:42:06,1280
01:42:26,1284
01:51:44,1334
01:54:11,1349
01:59:27,1387
02:03:34,1416
02:05:18,1436
02:07:23,1450
02:17:03,1520
02:17:16,1523
02:29:45,1577
02:33:08,1603
02:44:22,1689
02:47:03,1710
02:48:46,1726
02:51:55,1746
02:53:48,1757
02:56:08,1771
02:57:40,1778
03:03:18,1798
03:06:33,1817
03:08:21,1824
03:19:49,1874
03:25:00,1885
03:27:30,1894
03:29:44,1905
03:34:50,1930
03:38:17,1950
03:42:20,1968
03:55:37,2020
04:04:54,2104
04:09:06,2135
04:18:15,2176
04:38:10,2257
05:09:38,2426
06:04:16,2589
06:05:00,2592
06:23:23,2634
06:54:01,2699
07:18:10,2728
07:40:57,2750
07:43:30,2752
08:07:44,2776
09:00:30,2852
10:31:50,2939
00:04:02,19
00:05:08,29
00:19:39,148
00:25:51,192
00:31:30,231
00:37:28,264
00:48:52,329
00:50:50,337
00:52:19,350
00:59:02,396
01:06:26,439
01:22:52,508
01:24:04,515
01:25:23,525
01:44:35,620
01:52:42,660
01:53:29,664
01:55:29,675
02:12:18,751
02:14:14,761
02:18:21,781
02:28:25,832
02:53:23,956
03:02:51,977
03:05:31,993
03:07:37,1005
00:02:55,24
00:03:36,35
00:11:38,111
00:23:36,201
00:26:54,216
00:32:33,253
00:37:41,282
00:43:11,307
00:47:02,335
00:53:03,375
00:55:55,394
01:07:46,477
01:09:02,486
01:11:10,500
01:13:27,517
01:16:48,533
01:21:07,564
01:50:38,732
01:55:09,761
02:00:19,792
02:01:27,794
02:06:02,813
02:07:10,821
02:07:56,827
02:12:39,856
02:26:54,938
02:30:28,952
02:34:55,980
02:44:33,1012
02:55:46,1069
03:02:35,1100
03:03:34,1105
03:05:19,1114
03:11:17,1152
03:17:40,1170
03:23:49,1194
03:24:51,1199
04:14:23,1326
04:35:26,1376
04:54:58,1439
05:34:28,1552
06:29:57,1697
06:36:35,1767
07:07:32,1965
07:11:41,1977
07:17:55,1996
07:32:30,2033
07:50:41,2166
07:56:27,2193
08:01:10,2221
08:12:06,2248
08:19:11,2265
00:00:59,38
00:01:27,55
00:05:08,127
00:05:15,129
00:08:44,180
00:11:19,218
00:13:06,236
00:14:01,252
00:33:26,427
00:41:45,499
00:49:26,559
00:50:50,575
00:50:59,577
00:51:33,580
00:54:02,599
01:05:18,663
01:10:10,698
01:17:11,746
01:19:31,765
01:27:31,800
01:30:14,818
01:33:05,838
01:39:38,873
01:44:11,895
01:48:36,911
01:53:18,923
02:10:15,993
02:14:38,1011
02:19:28,1025
02:30:52,1055
02:54:08,1246
03:13:07,1340
03:13:09,1341
03:13:12,1342
03:14:21,1359
03:14:35,1366
03:15:11,1374
03:33:32,1492
04:06:24,1650
04:22:06,1712
04:47:47,1830
05:16:37,1903
06:32:11,2061
06:34:47,2070
07:29:44,2151
07:42:12,2164
08:38:04,2213
07:04:35,1078
00:47:44,31
01:03:44,54
01:14:00,114
01:14:46,126
01:14:56,132
01:16:39,180
01:20:29,262
01:21:12,287
01:21:40,302
01:21:59,314
01:22:55,344
01:23:31,363
01:23:58,374
01:27:01,462
01:28:06,487
01:28:15,491
01:31:02,561
01:31:17,570
01:34:11,636
01:43:53,810
01:50:16,921
01:51:21,939
01:59:18,1040
01:59:27,1041
02:00:33,1055
02:00:44,1059
02:02:31,1074
02:09:54,1142
02:14:31,1180
02:15:22,1188
02:25:07,1249
02:29:54,1291
02:35:41,1349
02:39:35,1381
02:39:44,1384
02:47:25,1450
02:58:24,1515
03:31:08,1754
03:36:02,1775
04:03:15,1884
04:31:46,1982
05:00:00,2079
06:16:29,2281
07:17:38,2382
00:02:02,4
00:03:52,16
00:08:59,56
00:09:14,59
00:22:53,102
00:27:16,148
00:28:59,174
00:33:59,224
00:37:05,268
00:38:09,280
00:47:53,382
00:53:21,457
00:54:57,483
01:05:38,599
01:13:52,677
01:17:24,717
01:19:22,741
01:20:58,758
01:22:21,773
01:23:07,778
01:47:46,990
01:55:00,1039
01:56:36,1055
02:09:45,1154
02:10:35,1161
02:14:38,1185
02:21:45,1222
02:23:21,1233
02:32:00,1279
02:44:18,1335
02:46:43,1352
02:50:02,1365
02:55:38,1390
03:15:33,1515
03:17:28,1530
03:29:21,1574
04:24:38,1855
04:26:17,1859
06:32:18,2431
06:42:20,2448
07:28:54,2536
07:50:07,2574
07:51:45,2578
07:56:11,2583
08:37:53,2615
08:48:25,2621
09:59:32,2695
00:01:24,8
00:12:51,78
00:14:42,86
00:16:15,99
00:22:08,141
00:23:06,151
00:30:10,196
00:34:08,213
00:42:36,259
00:46:36,281
00:47:54,296
00:48:23,302
00:49:14,316
00:49:34,322
00:55:57,382
00:56:22,385
00:58:33,401
01:08:21,471
01:15:07,521
01:15:58,527
01:16:40,531
01:17:27,537
01:19:20,547
01:33:40,626
01:34:19,632
01:35:59,646
01:42:26,685
01:52:06,740
02:11:14,859
02:17:19,903
02:26:36,939
02:29:23,961
02:31:23,975
02:33:43,987
02:35:11,996
02:38:22,1009
02:44:15,1043
02:49:46,1080
03:19:01,1289
05:17:21,1400
00:03:40,21
00:07:22,68
00:07:29,69
00:08:24,86
00:14:24,146
00:17:54,169
00:19:19,187
00:28:07,309
00:29:47,326
00:46:00,518
00:48:04,546
00:52:06,601
00:56:32,693
01:00:50,767
01:01:18,778
01:02:09,789
01:06:03,837
01:08:54,866
01:11:50,902
01:12:46,918
01:14:27,948
01:14:55,954
01:15:55,969
01:17:05,982
01:18:59,998
01:23:54,1065
01:24:16,1071
01:26:52,1104
01:29:59,1148
01:34:26,1214
01:34:51,1220
01:39:25,1286
01:41:17,1321
01:49:44,1401
01:50:18,1414
01:52:46,1438
01:53:59,1449
01:59:42,1503
02:05:46,1556
02:06:46,1571
02:07:29,1579
02:08:10,1588
02:09:25,1605
02:13:52,1668
02:16:01,1703
02:16:03,1705
02:17:15,1729
02:17:31,1733
02:19:00,1754
02:20:45,1777
02:21:05,1784
02:22:16,1813
02:25:37,1854
02:26:20,1865
02:32:47,1943
02:43:20,2022
02:54:15,2100
02:55:22,2106
03:06:46,2175
03:07:50,2183
03:12:05,2209
03:20:52,2264
03:56:06,2512
04:16:57,2639
04:36:08,2709
04:45:17,2748
04:59:15,2838
05:11:46,2961
05:39:57,3144
05:53:01,3199
00:01:20,27
00:04:56,94
00:08:36,147
00:12:07,197
00:20:49,279
00:25:20,324
00:35:33,402
00:36:24,408
00:42:56,451
00:58:05,527
01:06:49,555
01:30:37,644
02:14:50,759
02:22:30,770
02:26:12,781
02:35:20,801
02:50:05,826
02:53:50,833
03:01:59,849
03:24:49,868
03:26:55,871
03:55:36,894
04:10:55,902
05:46:08,957
06:03:51,983
06:48:09,1025
09:20:31,1075
00:00:17,40
00:00:41,256
00:00:49,281
00:02:59,502
00:04:43,587
00:04:47,596
00:04:50,598
00:10:59,825
00:11:02,826
00:16:33,940
00:17:16,952
00:26:14,1107
00:27:07,1124
00:28:42,1145
00:33:04,1217
00:34:33,1235
00:34:53,1242
00:36:08,1255
00:49:08,1378
01:08:26,1537
01:11:32,1555
01:23:51,1638
01:39:37,1744
01:45:47,1784
01:48:06,1806
01:51:05,1824
02:00:44,1866
02:28:26,2010
02:47:26,2109
03:22:39,2256
03:57:46,2384
04:19:50,2446
05:02:31,2584
05:27:18,2624
06:05:10,2698
06:09:39,2709
00:02:06,80
00:09:43,229
00:17:06,310
00:34:49,475
00:52:50,620
00:56:55,664
01:01:06,695
01:10:37,745
01:11:47,752
01:13:14,762
01:15:12,778
01:48:34,902
01:59:12,945
02:06:08,965
03:46:40,1174
00:02:57,69
00:11:54,203
00:23:39,326
00:38:27,440
00:39:14,451
00:51:28,536
01:06:48,625
01:12:21,653
01:13:24,658
01:18:47,690
01:28:49,741
01:47:14,846
01:49:55,862
01:52:45,875
02:02:42,916
02:09:38,950
02:20:07,995
07:21:50,1568
09:28:46,1684
09:42:10,1695
05:42:45,13
05:42:45,12
05:42:47,26
05:42:48,30
05:42:50,34
05:43:10,80
05:43:14,100
05:43:14,100
05:43:14,102
05:43:15,104
05:43:15,107
05:43:17,115
05:43:21,124
05:43:22,125
05:43:25,129
05:43:26,132
05:43:32,150
05:43:43,188
05:43:45,197
05:44:00,241
05:44:02,244
05:44:02,245
05:44:07,261
05:44:07,263
05:44:10,274
05:44:13,280
05:44:14,284
05:44:23,304
05:44:25,309
05:44:27,317
05:44:29,323
05:44:33,339
05:44:34,341
05:44:35,342
05:44:36,344
05:44:45,369
05:44:49,389
05:44:54,400
05:44:59,417
05:45:03,432
05:45:06,438
05:45:07,442
05:45:19,472
05:45:20,478
05:45:24,492
05:45:26,495
05:45:31,512
05:45:47,564
05:45:51,574
05:45:58,585
05:46:03,604
05:46:04,610
05:46:10,630
05:46:13,638
05:46:14,644
05:46:15,648
05:46:18,654
05:46:19,658
05:46:25,668
05:46:26,673
05:46:29,682
05:46:35,702
05:46:38,713
05:46:40,716
05:46:46,736
05:46:48,744
05:46:50,749
05:46:54,762
05:46:59,770
05:47:02,779
05:47:03,785
05:47:03,785
05:47:03,785
05:47:08,799
05:47:09,802
05:47:10,805
05:47:14,816
05:47:16,820
05:47:17,823
05:47:17,827
05:47:19,836
05:47:20,839
05:47:23,848
05:47:23,848
05:47:25,854
05:47:27,859
05:47:30,863
05:47:31,865
05:47:36,879
05:47:37,883
05:47:38,887
05:47:45,907
05:47:48,920
05:47:50,922
05:47:50,922
05:47:50,922
05:48:01,955
05:48:04,958
05:48:04,961
05:48:05,967
05:48:06,969
05:48:07,971
05:48:11,982
05:48:12,986
05:48:16,1002
05:48:17,1005
05:48:17,1007
05:48:25,1027
05:48:26,1029
05:48:27,1033
05:48:28,1036
05:48:28,1036
05:48:34,1046
05:48:35,1055
05:48:42,1069
05:48:43,1077
05:48:44,1079
05:48:44,1079
05:48:47,1090
05:48:48,1093
05:48:50,1098
05:48:59,1124
05:49:02,1133
05:49:03,1139
05:49:07,1152
05:49:07,1152
05:49:12,1164
05:49:14,1172
05:49:18,1179
05:49:19,1184
05:49:21,1191
05:49:23,1195
05:49:23,1195
05:49:31,1217
05:49:39,1245
05:49:41,1250
05:49:43,1256
05:49:44,1260
05:49:46,1265
05:49:46,1266
05:49:51,1279
05:49:53,1283
05:50:01,1303
05:50:03,1309
05:50:04,1311
05:50:09,1324
05:50:12,1338
05:50:12,1339
05:50:18,1358
05:50:29,1389
05:50:33,1402
05:50:35,1405
05:50:48,1438
05:50:50,1443
05:50:55,1457
05:50:56,1462
05:50:57,1466
05:50:57,1466
05:51:00,1476
05:51:07,1494
05:51:09,1498
05:51:19,1525
05:51:24,1540
05:51:25,1545
05:51:30,1556
05:51:30,1556
05:51:32,1562
05:51:40,1579
05:51:42,1588
05:51:41,1585
05:51:48,1604
05:51:49,1607
05:51:51,1610
05:51:52,1615
05:51:52,1615
05:52:00,1630
05:52:08,1651
05:52:14,1673
05:52:15,1678
05:52:28,1701
05:52:38,1727
05:52:40,1734
05:52:40,1737
05:52:43,1748
05:52:58,1776
05:53:01,1783
05:53:14,1814
05:53:18,1820
05:53:42,1879
05:53:56,1907
05:53:57,1909
05:54:04,1929
05:54:04,1930
05:54:23,1969
05:54:30,1980
05:54:32,1983
05:54:34,1990
05:54:51,2027
05:54:55,2037
05:55:12,2069
05:55:12,2072
05:55:19,2084
05:55:23,2091
05:55:27,2097
05:55:32,2108
05:55:35,2116
05:55:39,2122
05:55:49,2142
05:55:58,2159
05:55:59,2161
05:56:07,2171
05:56:07,2174
05:56:11,2182
05:56:12,2185
05:56:17,2199
05:56:24,2214
05:56:35,2227
05:56:44,2245
05:56:52,2264
05:57:09,2291
05:57:10,2296
05:57:15,2304
05:57:20,2315
05:57:23,2322
05:57:24,2324
05:57:26,2328
05:57:26,2328
05:57:27,2330
05:57:34,2342
05:57:35,2346
05:57:46,2365
05:58:00,2391
05:58:00,2391
05:58:02,2397
05:58:05,2403
05:58:07,2408
05:58:08,2410
05:58:14,2417
05:58:23,2435
05:58:30,2449
05:58:34,2454
05:58:36,2460
05:58:47,2475
05:58:49,2478
05:58:52,2486
05:58:57,2498
05:58:59,2501
05:59:05,2510
05:59:06,2512
05:59:11,2517
05:59:13,2520
05:59:15,2525
05:59:17,2530
05:59:18,2533
05:59:27,2548
05:59:28,2549
05:59:32,2555
05:59:39,2569
05:59:40,2573
05:59:48,2584
05:59:51,2589
05:59:53,2593
06:00:17,2630
06:00:23,2640
06:00:25,2641
06:00:27,2643
06:00:30,2646
06:00:34,2651
06:00:34,2651
06:00:37,2658
06:00:48,2679
06:00:54,2689
06:00:59,2694
06:01:02,2697
06:01:03,2699
06:01:10,2711
06:01:12,2715
06:01:14,2717
06:01:16,2719
06:01:44,2760
06:02:19,2809
06:02:19,2810
06:02:25,2821
06:02:35,2832
06:02:37,2834
06:02:44,2846
06:02:45,2849
06:02:55,2865
06:03:07,2875
06:03:11,2888
06:03:13,2890
06:03:24,2906
06:03:36,2917
06:03:48,2943
06:03:49,2945
06:04:05,2961
06:04:06,2964
06:04:14,2972
06:04:14,2972
06:04:18,2983
06:04:23,2994
06:04:34,3004
06:04:55,3033
06:04:56,3037
06:05:04,3044
06:05:05,3048
06:05:07,3055
06:05:11,3060
06:05:28,3080
06:05:29,3083
06:05:30,3088
06:05:33,3093
06:05:36,3097
06:05:49,3117
06:05:51,3118
06:06:00,3137
06:06:03,3138
06:06:03,3139
06:07:07,3187
06:07:26,3193
06:07:39,3198
06:09:28,3235
06:09:37,3239
06:10:14,3251
00:00:53,9
00:04:21,56
00:05:19,68
00:06:08,76
00:07:37,92
00:08:03,94
00:08:04,94
00:08:16,98
00:14:05,143
00:14:09,145
00:15:15,152
00:17:18,172
00:18:22,178
00:25:05,220
00:33:41,290
00:36:03,309
00:37:37,323
00:40:40,335
00:44:17,361
00:48:15,397
00:58:25,527
01:08:39,603
01:15:04,636
01:15:21,638
01:17:18,645
01:17:50,648
01:18:35,654
01:24:28,682
01:28:02,694
01:38:53,737
01:53:55,781
02:00:44,823
02:08:06,856
02:38:53,917
03:15:18,959
03:21:14,966
00:23:49,129
01:09:08,281
05:28:28,1252
05:38:44,1275
08:34:13,1473
00:00:32,42
00:01:04,80
00:01:12,85
00:01:16,96
00:01:32,124
00:02:06,159
00:02:15,168
00:02:22,174
00:02:32,186
00:05:58,394
00:06:17,420
00:07:20,458
00:07:33,477
00:08:06,507
00:08:53,549
00:09:30,576
00:10:16,606
00:11:27,665
00:12:21,710
00:12:41,725
00:15:33,852
00:15:53,869
00:16:32,898
00:17:13,928
00:18:34,986
00:20:18,1070
00:20:40,1081
00:21:28,1115
00:21:42,1124
00:22:31,1153
00:22:44,1166
00:22:46,1169
00:26:24,1337
00:26:24,1337
00:29:02,1414
00:29:44,1434
00:30:08,1446
00:31:14,1482
00:33:49,1560
00:39:26,1715
00:42:34,1787
00:47:26,1890
00:47:31,1893
00:48:37,1919
00:49:13,1942
00:50:25,1967
00:51:58,1998
00:52:55,2019
00:53:09,2029
00:54:07,2054
00:54:40,2066
00:55:06,2075
00:58:10,2151
01:00:09,2187
01:00:12,2188
01:00:15,2191
01:00:36,2203
01:03:03,2253
01:05:50,2311
01:06:46,2324
01:09:55,2389
01:11:43,2412
01:17:57,2545
01:19:31,2573
01:20:11,2585
01:21:26,2606
01:21:37,2608
01:22:18,2625
01:23:49,2657
01:24:08,2662
01:24:18,2665
01:26:46,2705
01:31:26,2781
01:31:46,2790
01:31:47,2791
01:32:20,2806
01:33:07,2822
01:34:33,2851
01:38:29,2929
01:38:42,2933
01:40:57,2978
01:42:03,3017
01:42:18,3020
01:44:46,3099
01:51:02,3229
01:58:45,3377
02:02:51,3455
02:09:34,3570
02:09:42,3576
02:14:28,3681
02:14:36,3683
02:16:33,3723
02:17:33,3750
02:17:49,3755
02:22:02,3840
02:22:15,3842
02:26:10,3922
02:26:41,3936
02:36:08,4100
02:43:54,4214
02:54:11,4369
02:57:28,4435
02:57:37,4439
03:06:00,4572
03:12:21,4670
03:17:50,4751
03:20:59,4783
03:25:12,4862
03:26:05,4875
03:28:44,4936
03:32:34,5012
03:34:22,5043
03:38:10,5107
03:43:45,5187
03:45:16,5202
04:00:31,5367
04:20:47,5654
04:21:40,5671
04:21:55,5674
04:27:24,5747
04:39:36,5937
04:52:00,6079
04:52:32,6088
04:54:22,6106
05:08:09,6210
05:37:12,6390
05:41:47,6421
05:44:36,6446
05:51:29,6480
06:06:00,6641
06:45:30,7097
06:52:39,7152
06:59:30,7216
07:21:40,7391
07:27:16,7438
07:33:33,7489
07:36:32,7516
07:47:04,7574
07:47:11,7580
08:33:53,7852
09:06:44,8034
09:27:33,8160
00:01:32,10
00:02:42,26
00:05:19,53
00:05:30,59
00:09:58,122
00:18:05,236
00:18:09,240
00:22:01,339
00:23:46,382
00:24:22,395
00:32:08,520
00:35:19,563
00:37:13,637
00:37:17,640
00:37:52,660
00:38:49,700
00:39:40,722
00:40:37,754
00:41:33,776
00:42:05,792
00:43:42,834
00:43:57,846
00:44:10,852
00:48:59,956
00:51:32,1001
00:52:02,1013
00:53:12,1035
00:57:31,1114
00:58:00,1121
00:59:53,1139
01:00:36,1150
01:03:17,1187
01:05:36,1230
01:06:12,1262
01:06:45,1300
01:07:17,1337
01:07:34,1355
01:07:36,1360
01:07:56,1375
01:10:52,1494
01:11:14,1512
01:11:19,1516
01:13:24,1571
01:13:36,1578
01:16:18,1643
01:19:22,1713
01:20:15,1729
01:20:24,1732
01:21:48,1772
01:24:11,1826
01:33:30,1968
01:33:43,1970
01:35:48,2011
01:37:26,2046
01:41:35,2120
01:41:44,2122
01:43:59,2160
01:44:35,2171
02:00:16,2344
02:02:54,2371
02:03:34,2374
02:06:54,2418
02:08:20,2432
02:12:50,2479
02:18:39,2538
02:24:38,2585
02:42:39,2789
03:01:19,2973
03:06:36,3026
03:12:25,3086
03:19:04,3145
03:23:10,3185
03:23:17,3193
03:24:30,3199
03:24:45,3206
03:44:07,3355
03:52:33,3406
04:02:26,3474
04:03:53,3489
04:09:48,3531
04:29:13,3661
05:18:42,3973
05:19:23,3978
05:29:25,4033
05:58:28,4174
06:20:28,4254
06:56:31,4426
06:56:41,4429
07:11:32,4532
07:50:31,4759
08:22:24,4929
08:28:53,4959
08:35:42,5014
08:38:37,5037
08:49:24,5108
09:10:49,5193
00:00:27,1
00:00:27,1
00:00:27,2
00:00:27,1
00:00:27,1
00:00:27,2
00:00:27,1
00:00:27,1
00:00:27,1
00:00:27,7
00:00:27,1
00:04:49,44
00:05:30,52
00:08:23,81
00:11:30,109
00:17:16,161
00:18:05,167
00:19:43,186
00:20:04,191
00:22:55,223
00:23:42,229
00:30:42,274
00:36:44,327
00:40:31,362
00:48:20,413
00:48:42,416
01:05:32,494
01:06:34,499
01:22:34,585
01:22:50,588
01:41:27,656
01:58:15,702
02:05:34,715
02:20:34,765
02:30:15,811
03:53:03,1049
04:08:11,1084
04:08:30,1085
04:33:15,1123
04:53:31,1150
06:02:03,1224
06:23:13,1240
06:45:35,1259
06:50:01,1261
08:51:32,1319
00:10:54,206
00:11:34,213
00:23:43,320
00:28:44,355
00:28:49,358
00:29:31,366
00:29:36,367
00:30:00,371
00:34:40,415
00:37:40,440
00:44:13,499
00:47:29,523
01:16:42,649
01:25:16,673
01:25:23,674
01:41:28,766
01:53:56,814
02:13:43,860
02:46:53,917
04:13:28,1118
04:26:15,1149
04:31:50,1165
05:03:05,1218
05:22:56,1241
05:38:28,1266
07:15:22,1401
07:31:27,1438
08:28:47,1525
08:40:19,1533
00:02:17,12
00:02:53,21
00:03:13,28
00:03:21,32
00:04:01,47
00:04:14,51
00:04:14,51
00:04:47,60
00:12:42,191
00:13:38,209
00:44:52,488
00:51:25,541
00:52:54,550
01:00:34,587
01:12:06,646
01:20:42,691
01:29:07,725
01:40:30,771
02:29:34,1003
02:41:51,1061
04:56:03,1293
05:14:09,1317
05:21:08,1329
07:04:38,1441
07:43:36,1489
00:00:15,28
00:00:21,111
00:00:22,113
00:00:26,187
00:00:26,212
00:00:30,281
00:00:32,311
00:00:52,686
00:00:53,691
00:00:57,737
00:01:07,842
00:01:15,916
00:01:19,945
00:01:24,990
00:01:33,1060
00:01:40,1116
00:01:46,1171
00:01:56,1259
00:02:12,1377
00:02:14,1386
00:02:17,1410
00:02:32,1504
00:02:33,1508
00:02:40,1547
00:02:42,1561
00:02:43,1565
00:02:49,1604
00:02:52,1624
00:03:03,1688
00:03:15,1769
00:03:24,1824
00:03:30,1871
00:03:34,1899
00:03:46,1971
00:04:19,2179
00:04:27,2230
00:04:49,2360
00:05:05,2466
00:05:10,2483
00:05:25,2558
00:05:51,2717
00:06:35,2896
00:07:01,3011
00:07:02,3017
00:07:16,3067
00:07:20,3089
00:07:34,3149
00:08:04,3267
00:08:59,3507
00:09:36,3671
00:09:40,3681
00:09:56,3740
00:10:25,3848
00:10:32,3868
00:11:20,4070
00:11:39,4141
00:12:32,4310
00:12:40,4338
00:13:11,4432
00:13:23,4467
00:13:25,4475
00:14:14,4613
00:14:37,4684
00:14:43,4713
00:15:02,4774
00:15:06,4780
00:15:24,4827
00:16:12,4950
00:16:35,5012
00:16:44,5047
00:17:07,5111
00:17:51,5238
00:17:55,5251
00:18:34,5346
00:18:35,5348
00:18:53,5403
00:19:41,5543
00:19:46,5553
00:20:22,5634
00:20:47,5696
00:22:42,5969
00:22:48,5981
00:22:55,5997
00:22:57,6004
00:23:00,6013
00:23:33,6098
00:23:35,6100
00:24:06,6171
00:24:16,6202
00:24:22,6214
00:24:22,6217
00:24:42,6261
00:24:46,6269
00:25:30,6365
00:26:18,6470
00:26:41,6527
00:27:06,6577
00:27:24,6621
00:28:03,6694
00:28:55,6803
00:29:33,6900
00:29:48,6942
00:30:29,7016
00:31:30,7157
00:33:19,7379
00:33:49,7443
00:36:29,7759
00:37:21,7865
00:38:59,8083
00:39:04,8092
00:39:15,8108
00:39:58,8190
00:41:10,8314
00:42:46,8499
00:43:01,8537
00:43:12,8556
00:44:09,8667
00:44:25,8699
00:45:00,8763
00:46:20,8925
00:47:01,8999
00:47:51,9085
00:49:32,9258
00:49:55,9305
00:50:32,9369
00:50:53,9428
00:51:36,9505
00:51:38,9512
00:53:17,9679
00:53:58,9753
00:54:17,9783
00:54:39,9821
00:54:43,9831
00:55:02,9864
00:55:49,9970
00:56:12,10012
00:56:14,10017
00:56:21,10031
00:56:14,10019
00:56:25,10039
00:56:27,10042
00:56:47,10094
00:57:36,10190
00:57:50,10214
00:59:06,10356
01:00:16,10458
01:00:47,10500
01:02:40,10684
01:02:46,10697
01:02:50,10709
01:04:23,10889
01:04:41,10922
01:04:45,10929
01:06:07,11073
01:06:11,11084
01:06:18,11095
01:06:42,11146
01:07:31,11238
01:07:31,11242
01:08:10,11311
01:09:14,11416
01:10:29,11541
01:10:44,11560
01:11:07,11611
01:12:11,11705
01:12:22,11716
01:13:06,11786
01:13:18,11802
01:14:23,11918
01:14:37,11939
01:14:52,11969
01:15:31,12034
01:16:22,12115
01:17:14,12201
01:18:35,12351
01:21:58,12695
01:22:48,12762
01:23:10,12784
01:24:11,12871
01:24:34,12901
01:25:56,13009
01:26:05,13024
01:26:06,13027
01:26:16,13039
01:27:01,13089
01:29:23,13296
01:29:29,13307
01:30:13,13361
01:31:28,13457
01:31:38,13466
01:31:44,13476
01:32:31,13537
01:34:28,13688
01:34:55,13718
01:36:40,13835
01:37:03,13870
01:38:40,13987
01:38:56,14019
01:39:19,14046
01:40:56,14159
01:41:20,14191
01:43:10,14278
01:43:14,14282
01:44:01,14339
01:44:39,14372
01:46:48,14504
01:48:40,14616
01:50:10,14700
01:50:29,14720
01:50:41,14727
01:51:38,14792
01:53:10,14874
01:55:34,14980
01:58:14,15117
02:00:22,15228
02:01:01,15255
02:02:34,15333
02:02:50,15347
02:03:57,15409
02:04:00,15412
02:05:28,15484
02:06:15,15513
02:06:19,15521
02:06:56,15551
02:10:12,15708
02:11:53,15790
02:11:59,15792
02:16:42,15989
02:17:20,16004
02:17:59,16035
02:18:01,16038
02:19:31,16095
02:19:32,16098
02:23:26,16249
02:29:45,16505
02:32:01,16604
02:34:04,16666
02:34:31,16677
02:34:54,16692
02:35:29,16722
02:37:00,16780
02:39:18,16851
02:42:51,16998
02:43:33,17019
02:51:59,17364
02:52:44,17385
02:52:45,17386
02:52:53,17389
02:59:24,17606
03:00:29,17646
03:01:10,17667
03:02:22,17705
03:06:34,17843
03:07:39,17875
03:14:02,18052
03:14:07,18056
03:16:02,18108
03:18:22,18193
03:18:33,18198
03:18:53,18206
03:21:39,18297
03:24:03,18352
03:25:45,18401
03:26:03,18411
03:26:07,18416
03:26:27,18426
03:29:20,18497
03:31:19,18563
03:34:35,18661
03:34:49,18672
03:35:54,18683
03:37:10,18725
03:38:14,18758
03:43:33,18889
03:43:42,18905
03:44:00,18917
03:46:22,18973
03:53:02,19159
03:54:54,19203
03:54:59,19214
03:57:40,19279
04:03:30,19436
04:04:50,19466
04:05:31,19486
04:05:57,19496
04:06:17,19507
04:08:21,19563
04:09:02,19579
04:09:04,19580
04:12:31,19652
04:14:14,19703
04:15:23,19735
04:15:31,19741
04:17:35,19793
04:18:00,19802
04:25:46,19980
04:27:15,20011
04:29:27,20062
04:33:10,20158
04:35:19,20208
04:37:47,20262
04:38:52,20293
04:39:23,20300
04:43:15,20403
04:43:44,20407
04:44:22,20427
04:50:02,20553
04:50:33,20573
04:53:25,20646
04:54:55,20673
04:55:21,20694
04:56:35,20711
05:02:10,20858
05:02:22,20860
05:05:12,20903
05:05:59,20908
05:09:33,20995
05:11:42,21044
05:14:18,21087
05:16:31,21130
05:17:26,21147
05:27:16,21311
05:27:37,21320
05:28:18,21335
05:28:31,21329
05:33:24,21413
05:35:35,21460
05:36:16,21475
05:42:54,21575
05:45:24,21609
05:46:45,21623
05:46:56,21625
05:47:04,21636
05:48:33,21659
05:49:15,21671
05:49:33,21677
05:51:25,21705
05:55:27,21781
05:56:14,21787
05:58:48,21826
06:17:00,22118
06:19:32,22167
06:32:58,22392
06:35:14,22422
06:35:20,22422
06:36:03,22432
06:49:15,22603
06:53:15,22632
00:49:14,539
00:01:27,37
00:18:06,323
00:57:25,674
03:12:29,1054
00:00:21,32
00:00:29,87
00:00:34,112
00:00:50,188
00:00:59,228
00:01:11,292
00:01:11,293
00:01:58,480
00:02:36,629
00:02:43,649
00:02:58,681
00:03:08,721
00:04:21,894
00:04:49,958
00:05:30,1035
00:07:37,1268
00:08:02,1311
00:08:07,1321
00:09:06,1412
00:09:07,1415
00:10:06,1512
00:10:17,1532
00:11:18,1636
00:12:51,1779
00:12:54,1785
00:12:54,1785
00:13:03,1800
00:15:31,1987
00:15:42,1998
00:16:28,2052
00:17:07,2111
00:18:00,2175
00:18:54,2256
00:19:49,2305
00:19:57,2319
00:20:26,2350
00:21:09,2394
00:21:19,2406
00:21:22,2411
00:23:38,2527
00:24:07,2559
00:24:14,2564
00:24:55,2598
00:24:37,2581
00:26:29,2682
00:26:41,2699
00:27:04,2720
00:28:23,2789
00:28:25,2794
00:29:16,2829
00:35:40,3083
00:39:47,3225
00:44:21,3364
00:47:05,3431
00:57:48,3750
01:00:12,3825
01:02:07,3890
01:04:17,3963
01:05:23,3989
01:10:55,4123
01:11:14,4129
01:14:08,4193
01:17:53,4285
01:19:50,4319
01:20:04,4325
01:23:23,4400
01:25:30,4437
01:27:29,4474
01:29:16,4508
01:30:41,4536
01:33:49,4591
01:42:35,4716
01:43:19,4724
01:44:27,4738
01:47:49,4786
01:47:55,4787
01:58:32,4935
02:03:10,4986
02:11:40,5096
02:12:15,5106
02:14:37,5138
02:23:47,5245
02:26:58,5280
02:29:56,5315
02:40:41,5400
02:48:40,5506
02:52:46,5544
02:58:09,5586
03:03:55,5646
03:12:55,5715
03:13:36,5724
03:13:37,5725
03:15:06,5799
03:18:01,5967
03:19:19,6025
03:19:19,6025
03:20:28,6063
03:22:39,6124
03:22:51,6128
03:28:21,6232
03:32:13,6296
03:42:28,6447
03:48:04,6512
03:49:30,6526
03:55:06,6582
04:02:13,6673
04:05:42,6730
04:08:42,6769
04:14:22,6823
04:17:38,6865
04:29:41,6993
04:54:38,7263
04:58:47,7309
04:59:46,7323
05:07:47,7396
00:00:16,41
00:00:22,146
00:00:52,511
00:01:23,788
00:01:27,827
00:01:23,788
00:01:32,881
00:01:32,882
00:01:32,879
00:01:38,951
00:02:10,1128
00:02:27,1229
00:02:30,1247
00:03:04,1457
00:03:05,1464
00:03:05,1463
00:03:38,1679
00:04:06,1824
00:04:38,1991
00:05:12,2165
00:06:19,2427
00:07:50,2789
00:08:09,2862
00:08:14,2877
00:09:54,3235
00:10:22,3312
00:10:24,3328
00:10:50,3414
00:11:44,3569
00:11:49,3585
00:12:14,3665
00:12:15,3670
00:12:19,3685
00:12:45,3767
00:13:35,3917
00:14:45,4141
00:15:31,4238
00:15:48,4273
00:15:58,4311
00:16:09,4335
00:16:47,4429
00:17:19,4506
00:17:36,4547
00:17:51,4587
00:18:43,4710
00:19:32,4811
00:20:48,4971
00:21:01,5014
00:21:26,5068
00:21:35,5086
00:21:54,5139
00:22:40,5234
00:23:21,5323
00:25:34,5592
00:25:40,5601
00:26:12,5648
00:26:15,5658
00:26:41,5706
00:27:34,5800
00:28:21,5910
00:28:23,5918
00:28:40,5949
00:29:36,6063
00:30:08,6124
00:31:24,6269
00:34:22,6585
00:35:42,6729
00:37:49,6948
00:37:57,6963
00:38:34,7017
00:40:30,7212
00:41:03,7261
00:41:20,7296
00:41:54,7347
00:42:01,7359
00:44:09,7544
00:47:40,7874
00:49:33,8038
00:50:16,8111
00:50:27,8128
00:50:46,8147
00:51:21,8201
00:51:27,8210
00:52:20,8291
00:52:26,8300
00:53:34,8385
00:54:00,8413
00:54:06,8416
00:54:33,8447
00:54:56,8467
00:59:07,8788
00:59:13,8801
00:59:57,8860
01:00:11,8874
01:01:05,8953
01:01:35,8999
01:02:11,9055
01:02:35,9088
01:03:33,9170
01:03:53,9194
01:04:33,9251
01:04:46,9268
01:04:55,9277
01:06:52,9416
01:08:02,9489
01:08:43,9532
01:09:13,9588
01:10:30,9694
01:11:19,9770
01:11:51,9804
01:14:06,9943
01:14:30,9980
01:15:16,10042
01:16:01,10093
01:17:28,10209
01:17:43,10229
01:18:33,10281
01:18:42,10292
01:18:49,10305
01:22:15,10557
01:22:57,10599
01:24:43,10728
01:24:53,10744
01:25:12,10763
01:27:19,10895
01:27:40,10923
01:31:33,11168
01:31:58,11197
01:36:37,11474
01:36:55,11492
01:40:11,11686
01:40:52,11739
01:42:08,11815
01:44:16,11945
01:44:48,11975
01:47:17,12120
01:47:49,12154
01:47:57,12162
01:48:56,12209
01:49:03,12220
01:49:15,12228
01:49:22,12235
01:49:27,12241
01:52:09,12422
01:53:15,12482
01:53:39,12516
01:54:30,12563
01:54:53,12576
01:57:14,12713
01:59:10,12839
01:59:54,12885
02:02:13,13015
02:03:33,13096
02:05:16,13198
02:05:40,13224
02:06:45,13299
02:07:10,13323
02:08:52,13422
02:10:07,13487
02:11:55,13576
02:12:21,13590
02:14:45,13735
02:15:36,13786
02:17:00,13869
02:19:05,14002
02:19:18,14015
02:19:46,14040
02:25:54,14356
02:26:10,14369
02:27:25,14443
02:31:13,14643
02:34:17,14809
02:38:07,15009
02:38:25,15031
02:38:48,15053
02:39:02,15057
02:43:36,15257
02:44:00,15288
02:44:45,15323
03:13:36,16734
03:14:27,16773
03:17:25,16906
03:19:21,16987
03:19:23,16992
03:19:45,17005
03:20:13,17023
03:20:49,17052
03:22:24,17120
03:24:21,17205
03:24:57,17229
03:26:31,17306
03:27:22,17347
03:29:51,17446
03:32:54,17579
03:35:24,17679
03:38:12,17783
03:38:21,17790
03:38:22,17790
03:39:49,17839
03:40:42,17864
03:43:58,18001
03:46:17,18086
03:46:45,18101
03:49:07,18185
03:55:38,18400
03:56:23,18424
03:58:55,18486
03:59:57,18520
04:02:42,18606
04:03:50,18646
04:04:09,18657
04:07:52,18775
04:10:49,18862
04:12:50,18938
04:13:54,18971
04:14:10,18978
04:16:26,19054
04:16:28,19057
04:22:41,19276
04:25:34,19362
04:28:30,19462
04:29:11,19482
04:29:50,19495
04:32:18,19562
04:34:51,19657
04:34:53,19659
04:44:59,19965
04:48:25,20066
04:49:00,20075
04:49:17,20081
04:49:28,20088
04:51:45,20138
05:03:14,20381
05:03:41,20392
00:00:48,175
00:01:28,394
00:01:48,477
00:02:46,688
00:03:15,802
00:03:52,943
00:10:41,1985
00:10:41,1987
00:10:49,2002
00:13:37,2383
00:14:35,2503
00:18:13,2897
00:19:03,2980
00:20:09,3082
00:24:25,3449
00:25:18,3534
00:26:17,3639
00:28:53,3853
00:34:32,4209
00:39:08,4450
00:45:04,4766
00:50:13,5023
00:55:24,5250
01:10:17,5777
01:10:20,5781
01:12:30,5854
01:34:08,6476
01:34:32,6487
01:36:32,6527
01:49:33,6784
01:53:05,6853
01:54:25,6893
02:02:35,7053
02:15:13,7384
02:26:02,7807
02:43:08,8376
02:55:55,8714
03:10:14,8947
03:19:44,9121
03:26:57,9249
03:34:06,9363
03:36:52,9405
03:41:16,9464
03:47:35,9543
03:50:20,9562
03:50:22,9562
03:51:49,9571
04:04:21,9786
04:06:50,9815
04:09:55,9857
04:30:23,10043
04:34:34,10078
05:01:07,10314
00:01:41,30
00:06:07,199
00:09:41,414
00:16:03,926
00:24:30,1666
00:29:06,2068
01:03:22,4810
01:15:22,5634
01:19:31,5883
01:40:10,6997
01:47:37,7350
01:56:11,7743
02:04:44,8124
02:07:15,8239
02:09:58,8351
02:58:26,10279
03:05:59,10642
00:05:06,155
00:06:48,203
00:07:16,216
00:07:42,228
00:07:52,231
00:12:15,332
00:14:13,379
00:18:44,477
00:24:26,570
00:25:36,589
00:34:24,750
00:34:41,762
00:35:42,794
00:40:48,918
00:42:59,968
00:43:14,973
00:43:55,985
00:50:20,1123
00:51:27,1146
00:52:19,1158
00:55:37,1205
01:00:43,1281
01:06:04,1344
01:10:23,1384
01:19:56,1473
01:22:33,1496
01:24:29,1509
01:27:56,1554
01:37:53,1633
01:58:17,1767
02:24:24,1929
02:46:00,2068
03:01:36,2138
00:00:01,1
00:00:17,34
00:00:11,10
00:00:52,173
00:01:12,222
00:01:14,228
00:03:13,442
00:03:46,484
00:05:06,584
00:06:05,631
00:07:03,680
00:08:30,749
00:14:48,1030
00:18:01,1122
00:20:00,1178
00:20:00,1178
00:21:46,1235
00:21:51,1236
00:22:01,1242
00:22:07,1244
00:27:01,1354
00:28:51,1395
00:29:38,1421
00:34:14,1531
00:34:32,1537
00:38:14,1612
00:40:12,1657
00:40:58,1715
00:41:49,1752
00:42:42,1790
00:43:10,1806
00:43:16,1816
00:43:50,1831
00:47:09,1966
00:48:49,2017
00:57:15,2252
01:02:00,2365
01:03:35,2394
01:05:10,2426
01:06:13,2456
01:08:51,2519
01:09:04,2525
01:09:46,2541
01:10:16,2551
01:14:20,2625
01:18:30,2714
01:25:17,2835
01:32:20,2957
01:35:27,3009
01:36:39,3031
01:42:17,3114
01:46:39,3172
01:55:30,3320
01:57:39,3352
01:57:39,3353
01:58:49,3371
02:04:34,3439
02:12:42,3550
00:17:24,239
00:24:45,685
00:36:23,1107
00:41:24,1251
00:41:34,1257
00:56:25,1612
01:01:41,1721
01:13:49,1941
01:14:28,1951
01:14:51,1962
01:33:04,2264
00:00:16,14
00:00:31,81
00:00:34,163
00:00:35,208
00:00:35,216
00:00:36,257
00:00:39,379
00:00:41,465
00:00:43,554
00:00:57,978
00:01:45,1927
00:01:57,2114
00:02:02,2202
00:02:09,2307
00:02:20,2482
00:02:20,2482
00:02:22,2527
00:02:26,2599
00:02:39,2794
00:02:51,2959
00:03:03,3130
00:03:26,3472
00:04:32,4270
00:04:38,4344
00:05:00,4588
00:05:05,4647
00:05:20,4850
00:05:25,4925
00:05:31,5023
00:06:05,5382
00:06:08,5424
00:06:28,5641
00:06:28,5641
00:06:29,5653
00:07:14,6139
00:07:44,6450
00:07:48,6482
00:08:24,6799
00:08:25,6813
00:08:41,6949
00:08:41,6959
00:09:38,7436
00:09:47,7517
00:10:14,7732
00:10:26,7824
00:12:09,8591
00:12:24,8699
00:13:10,9044
00:13:37,9236
00:14:06,9425
00:14:30,9581
00:15:28,9954
00:15:53,10126
00:16:17,10260
00:16:49,10450
00:17:13,10581
00:17:25,10654
00:17:30,10682
00:17:35,10708
00:18:17,10968
00:18:45,11152
00:19:36,11434
00:21:36,12127
00:22:28,12443
00:24:30,13032
00:24:44,13099
00:24:53,13144
00:25:27,13301
00:25:31,13333
00:25:55,13450
00:28:17,14068
00:29:17,14308
00:31:00,14712
00:32:07,14986
00:32:11,15009
00:32:20,15043
00:32:30,15084
00:32:31,15090
00:33:01,15217
00:34:27,15558
00:36:36,16031
00:38:14,16443
00:39:33,16722
00:40:19,16870
00:40:19,16872
00:42:43,17346
00:01:16,136
00:02:18,231
00:03:58,396
00:04:55,454
00:06:31,588
00:07:24,657
00:11:49,876
