user_id,cap,content_score,friend_score,network_score,sentiment_score,english_score,universal_score
711977155542921216,0.012907437350993261,1.7,1.0,2.4,0.7,0.12588928944948308,0.19466773728450495
4350985586,0.08385114734671234,2.2,2.2,0.7,2.7,0.23688377651035014,0.4744885412906753
220830116.0,,,,,,,
2744839145,0.0019358455432931132,0.4,0.5,1.1,0.4,0.030068974042493608,0.03508264339315584
15706904,0.011448498001345467,0.7,2.8,2.5,0.7,0.12588928944948308,0.18207903130928815
340551401,0.011448498001345467,1.1,1.9,1.2,1.2,0.08592399976334196,0.18207903130928815
711395361177214977,0.0023079208238384373,1.1,0.5,0.6,1.0,0.025471598156045747,0.04811366570775446
3306240758,0.026940288992638697,1.4,0.9,4.0,3.2,0.380551857066998,0.28378247513569405
2422582753,0.003940623559956331,1.4,1.5,0.9,0.6,0.10030935716061677,0.08899515596679244
740637475,0.0029102973297387607,0.5,0.8,1.9,0.4,0.06783456974919343,0.06565556198004287
4646793541,0.009037049400998034,0.6,0.6,0.8,0.7,0.08592399976334196,0.15881746424200632
22707143,0.14577620294303828,3.6,2.0,3.4,3.9,0.7405291005715704,0.5768086562548855
7.869777673049252e+17,,,,,,,
576280217,0.006431292840898396,2.1,0.8,2.4,1.3,0.12588928944948308,0.1285158337598371
3239739028,0.004725361816828223,0.4,1.4,0.5,0.6,0.15685510336103622,0.10328573467123618
705097012736200704,0.29676876603976116,1.3,3.0,1.4,2.2,0.7405291005715704,0.7081126267613624
23723528,0.01859922727344653,1.4,1.6,2.4,0.9,0.23688377651035014,0.23633691139538376
3736424545,0.08385114734671234,1.4,1.6,0.5,1.3,0.32230602190830704,0.4744885412906753
3220418570,0.023811568542435598,0.5,1.8,0.5,0.4,0.28621206238390096,0.26734400306340506
27958450,0.009037049400998034,0.5,1.8,0.4,0.3,0.22180647190550215,0.15881746424200632
1242723871,0.003626193494014071,2.0,1.3,0.8,0.9,0.06783456974919343,0.0825396626774012
513855461,0.09360841931572118,3.3,2.8,3.5,4.1,0.5061919589474342,0.49505756400804624
7.548322155952947e+17,,,,,,,
21947781,0.006431292840898396,3.4,1.4,1.2,4.0,0.32230602190830704,0.1285158337598371
2480765648,0.004725361816828223,0.4,1.1,0.5,0.7,0.14589765727494236,0.10328573467123618
2882821205.0,,,,,,,
3535489877.0,,,,,,,
95002936.0,,,,,,,
851356278.0,,,,,,,
218747317,0.0021009963244625067,0.6,1.6,1.6,1.0,0.04918384795249982,0.041106740219567735
49174212.0,,,,,,,
230836264,0.026940288992638697,1.0,1.6,3.1,2.6,0.13558257714003935,0.28378247513569405
2981527736,0.003116817556886547,0.6,0.7,1.3,0.9,0.05333128056896264,0.07089257330076087
4856364013,0.07519311407072778,4.1,2.0,3.4,3.6,0.7565854729457974,0.4540057291614072
2348158603,0.014565852401308765,1.7,1.6,1.3,1.5,0.14589765727494236,0.2079055732880228
2579934596,0.0043042404804791,0.9,0.9,0.9,0.4,0.05333128056896264,0.09590276214117437
4223251997,0.038677030425236264,0.3,2.3,1.8,0.3,0.40086139116347386,0.33655519548719853
744232736089575424,0.01645230483113907,2.7,1.1,3.0,1.4,0.2691022464970497,0.22179568769021463
7.193874139031962e+17,,,,,,,
21993294,0.030450444848239933,0.3,0.9,1.2,0.2,0.07343326191269153,0.300816711527256
1541960341,0.009037049400998034,4.0,0.9,2.5,3.8,0.07343326191269153,0.15881746424200632
1241723072,0.005213309669283597,3.6,1.4,0.8,1.3,0.09286695366967546,0.11116719108518804
55113653,0.008048111281043234,0.8,1.4,1.2,1.0,0.07945465272791494,0.14812070832967303
381806169,0.01859922727344653,1.8,1.4,0.7,2.6,0.22180647190550215,0.23633691139538376
2629547791,0.0023079208238384373,1.5,0.8,2.1,1.0,0.03265990956683609,0.04811366570775446
712840604300877824,0.0024313661894161103,0.7,0.9,1.3,0.9,0.05780718298413593,0.05202936550695904
700474644781002752,0.006431292840898396,0.6,0.7,0.7,0.9,0.12588928944948308,0.1285158337598371
2788844780,0.0023079208238384373,0.5,0.9,0.7,0.4,0.04178983547133819,0.04811366570775446
897841765.0,,,,,,,
3406532356,0.038677030425236264,0.9,1.0,0.8,0.8,0.19374947883382485,0.33655519548719853
2817746302,0.008048111281043234,1.2,0.6,0.7,1.0,0.05333128056896264,0.14812070832967303
128057998,0.003626193494014071,3.1,0.6,0.9,1.0,0.04918384795249982,0.0825396626774012
369126477.0,,,,,,,
39773487,0.06747906081432216,1.7,2.4,2.8,2.6,0.25265321740844954,0.4336774335329319
244305038,0.004725361816828223,1.0,0.7,1.8,2.6,0.04178983547133819,0.10328573467123618
26228963,0.0029102973297387607,0.7,0.4,1.3,0.5,0.06263387811083082,0.06565556198004287
471333218,0.012907437350993261,3.1,1.0,2.0,3.4,0.12588928944948308,0.19466773728450495
2279689231.0,,,,,,,
219751556.0,,,,,,,
17168438,0.5319634089641295,4.2,1.9,1.0,4.5,0.8495856011768973,0.8242118832176379
1883010258,0.01645230483113907,0.9,0.8,0.7,0.7,0.13558257714003935,0.22179568769021463
780600948,0.005778300973814037,2.4,1.6,3.3,1.8,0.1167953743919475,0.11956986651967942
3068831325,0.01859922727344653,0.9,2.5,0.9,1.3,0.2691022464970497,0.23633691139538376
516881774.0,,,,,,,
562336915,0.06747906081432216,2.9,2.1,2.5,3.7,0.46359219069702307,0.4336774335329319
203757065,0.0020139366550120737,1.9,0.5,0.8,2.5,0.03546593341354506,0.037980136466376074
776111080930209792,0.26968322684725654,4.8,1.7,4.2,4.7,0.8005982245473489,0.6908019160064479
769302909511163904,0.11693596663244112,0.8,1.4,2.2,2.1,0.5905129273413294,0.5361761477678701
3273678668,0.0033536770167744536,1.3,1.6,0.7,0.9,0.08592399976334196,0.07651310672792835
14526784,0.03435849422907052,1.4,2.0,1.3,1.6,0.19374947883382485,0.3184188561317807
26639309,0.007183846426565749,0.6,1.3,0.4,0.4,0.09286695366967546,0.13802618960216584
2908230718,0.007183846426565749,0.9,1.5,2.4,0.5,0.16847316644464133,0.13802618960216584
282355995,0.038677030425236264,0.6,2.7,0.4,1.1,0.20742796687543463,0.33655519548719853
1714161974,0.0027296301902785666,0.5,1.3,0.5,0.7,0.05780718298413593,0.06078011352084069
3599230874,0.005778300973814037,1.4,2.3,0.9,0.6,0.15685510336103622,0.11956986651967942
760142560413175808,0.023811568542435598,0.9,1.4,0.4,2.6,0.22180647190550215,0.26734400306340506
7.95810047406248e+17,,,,,,,
261098344,0.0029102973297387607,1.1,1.2,0.5,0.4,0.06783456974919343,0.06565556198004287
4739845481.0,,,,,,,
35724883,0.005778300973814037,0.3,1.4,0.6,0.3,0.03265990956683609,0.11956986651967942
4744550834,0.04861529098537897,3.2,2.8,3.4,4.0,0.44245148142042123,0.3742667881821624
1849848000,0.04861529098537897,1.7,1.6,0.8,1.0,0.3039573320934062,0.3742667881821624
2780821335.0,,,,,,,
3911057572,0.38545888128841016,1.7,1.4,1.8,1.0,0.826453203646374,0.7564524646655568
464281451.0,,,,,,,
474524867,0.005778300973814037,1.1,1.0,0.6,1.5,0.13558257714003935,0.11956986651967942
1353347065,0.0021009963244625067,1.1,1.0,1.0,0.5,0.027677698437753848,0.041106740219567735
4011800885,0.030450444848239933,3.0,1.1,2.8,3.7,0.36065190656573104,0.300816711527256
552295722,0.007183846426565749,2.3,1.6,3.5,1.1,0.19374947883382485,0.13802618960216584
261477088,0.002571043998532308,1.4,0.6,3.2,1.3,0.030068974042493608,0.05624491210051878
3424421854.0,,,,,,,
752543790481629184,0.0024313661894161103,0.3,0.4,0.9,0.4,0.04918384795249982,0.05202936550695904
817290612,0.06055916271173367,0.6,1.3,2.8,0.5,0.1807672693005155,0.413569897933165
2268344145,0.04861529098537897,2.8,3.0,3.1,2.1,0.40086139116347386,0.3742667881821624
760273723115053056,0.006431292840898396,1.2,2.1,4.5,1.6,0.22180647190550215,0.1285158337598371
750807615156912132,0.0029102973297387607,1.9,0.6,0.8,1.3,0.08592399976334196,0.06565556198004287
7.577321919085978e+17,,,,,,,
381083743,0.0029102973297387607,1.0,2.3,1.6,1.2,0.14589765727494236,0.06565556198004287
26175308,0.08385114734671234,3.5,2.7,3.2,3.2,0.380551857066998,0.4744885412906753
721950741947023360,0.11693596663244112,0.6,2.8,1.2,0.8,0.5697317833219949,0.5361761477678701
2427591854,0.0023079208238384373,0.4,1.1,0.3,0.3,0.027677698437753848,0.04811366570775446
2936272219,0.003940623559956331,1.9,0.8,0.8,0.5,0.05780718298413593,0.08899515596679244
2830252865,0.003116817556886547,0.7,0.8,1.1,1.3,0.10030935716061677,0.07089257330076087
4446067695,0.011448498001345467,1.3,1.1,1.5,2.7,0.13558257714003935,0.18207903130928815
758373895871336449,0.007183846426565749,1.4,1.1,1.5,0.7,0.09286695366967546,0.13802618960216584
2827295889.0,,,,,,,
1729113156,0.005778300973814037,0.9,1.3,0.9,0.5,0.06783456974919343,0.11956986651967942
2299203717.0,,,,,,,
758313715695427585,0.0024313661894161103,1.4,1.4,1.0,1.7,0.10030935716061677,0.05202936550695904
45265619,0.011448498001345467,0.4,0.9,0.8,0.3,0.12588928944948308,0.18207903130928815
397172056,0.0027296301902785666,1.9,1.6,3.2,1.8,0.09286695366967546,0.06078011352084069
358956687,0.0043042404804791,0.5,0.7,0.9,0.6,0.06263387811083082,0.09590276214117437
269487992,0.11693596663244112,0.5,2.3,2.7,0.6,0.40086139116347386,0.5361761477678701
1928409378,0.014565852401308765,0.7,0.8,1.8,1.5,0.19374947883382485,0.2079055732880228
463332152.0,,,,,,,
26021608,0.009037049400998034,0.6,0.9,2.2,0.4,0.07343326191269153,0.15881746424200632
26950079,0.0029102973297387607,0.7,1.2,1.2,0.6,0.04918384795249982,0.06565556198004287
3063299361.0,,,,,,,
2476863896,0.005213309669283597,1.8,0.6,0.9,1.5,0.08592399976334196,0.11116719108518804
7.075608267864556e+17,,,,,,,
36791852,0.007183846426565749,0.4,1.4,1.1,0.3,0.05333128056896264,0.13802618960216584
4842151477,0.007183846426565749,0.4,0.4,1.0,0.4,0.09286695366967546,0.13802618960216584
78070539,0.06747906081432216,1.3,3.2,4.3,3.0,0.19374947883382485,0.4336774335329319
753151147272179712,0.4458600035841122,4.2,3.1,1.9,4.6,0.9178878139616656,0.7855076010068447
708673845960511489,0.611464313617347,3.3,2.8,3.2,2.3,0.7719542327261165,0.8572017689651149
2693612778,0.014565852401308765,2.2,1.6,4.4,1.3,0.28621206238390096,0.2079055732880228
2167236591,0.002571043998532308,0.4,1.2,0.5,1.1,0.06263387811083082,0.05624491210051878
7.880838006978232e+17,,,,,,,
3025829997.0,,,,,,,
701490129815232512,0.11693596663244112,0.5,1.1,0.7,0.8,0.22180647190550215,0.5361761477678701
3232186924,0.04342086940555935,2.5,1.6,2.8,2.2,0.5487020083865324,0.3551862170861128
2819619718.0,,,,,,,
1452928950,0.004725361816828223,0.7,1.0,1.2,0.9,0.10030935716061677,0.10328573467123618
902109204.0,,,,,,,
97503243.0,,,,,,,
7.080249332643185e+17,,,,,,,
409212580,0.03435849422907052,0.9,1.7,0.8,1.1,0.15685510336103622,0.3184188561317807
4062613580,0.012907437350993261,1.7,1.4,3.2,2.5,0.380551857066998,0.19466773728450495
19085578.0,,,,,,,
2499471749,0.0033536770167744536,1.8,1.4,0.6,2.4,0.08592399976334196,0.07651310672792835
3352811752,0.003116817556886547,1.8,1.7,0.6,2.4,0.16847316644464133,0.07089257330076087
3286910690.0,,,,,,,
54036451,0.038677030425236264,0.7,2.1,2.6,0.4,0.19374947883382485,0.33655519548719853
7.392465264095396e+17,,,,,,,
525653834,0.06747906081432216,2.6,2.5,1.7,3.6,0.44245148142042123,0.4336774335329319
3589745233,0.005213309669283597,0.4,1.3,1.0,0.4,0.13558257714003935,0.11116719108518804
1033932284,0.0027296301902785666,1.4,1.0,0.5,0.7,0.045343501437382056,0.06078011352084069
150422835,0.008048111281043234,0.9,1.3,1.5,1.5,0.08592399976334196,0.14812070832967303
2886380524,0.030450444848239933,4.2,1.2,3.7,4.0,0.28621206238390096,0.300816711527256
49946436,0.009037049400998034,1.4,1.2,2.2,0.5,0.13558257714003935,0.15881746424200632
514662893,0.0021984408773070953,1.1,0.6,1.3,1.2,0.08592399976334196,0.04447883217419818
773685820926652416,0.22121616027906205,4.5,4.6,4.6,4.5,0.8701191997119831,0.6545596461071505
619150783.0,,,,,,,
783408079836700672,0.01859922727344653,3.3,1.5,2.6,3.4,0.40086139116347386,0.23633691139538376
1861357040,0.09360841931572118,2.7,2.7,1.7,3.5,0.44245148142042123,0.49505756400804624
3065951098.0,,,,,,,
2349297128,0.014565852401308765,2.2,2.8,1.2,1.8,0.07945465272791494,0.2079055732880228
260042196,0.004725361816828223,0.2,1.0,0.6,0.4,0.045343501437382056,0.10328573467123618
119372154.0,,,,,,,
860703266,0.005778300973814037,0.5,1.3,2.2,0.7,0.07945465272791494,0.11956986651967942
1486668450,0.0033536770167744536,0.8,0.6,1.9,0.4,0.04178983547133819,0.07651310672792835
780592147183472640,0.026940288992638697,1.2,1.6,1.1,0.7,0.14589765727494236,0.28378247513569405
3238721758,0.006431292840898396,2.3,1.7,1.1,1.5,0.13558257714003935,0.1285158337598371
3082674859,0.002571043998532308,0.3,0.4,0.5,0.9,0.045343501437382056,0.05624491210051878
861712795,0.005778300973814037,1.1,1.3,0.6,0.5,0.07343326191269153,0.11956986651967942
4702711894.0,,,,,,,
21044127,0.009037049400998034,0.6,0.5,0.7,0.3,0.09286695366967546,0.15881746424200632
2398138445,0.003940623559956331,1.3,0.6,1.3,1.1,0.07343326191269153,0.08899515596679244
7.795309495875297e+17,,,,,,,
90665116,0.11693596663244112,4.2,2.3,1.7,3.5,0.7064204238004218,0.5361761477678701
4049743339.0,,,,,,,
3520395975.0,,,,,,,
701958702996267008,0.08385114734671234,2.9,1.9,2.7,3.8,0.40086139116347386,0.4744885412906753
712931439.0,,,,,,,
4145603123.0,,,,,,,
27963499,0.012907437350993261,1.1,0.9,1.8,0.6,0.09286695366967546,0.19466773728450495
48528011,0.023811568542435598,0.5,1.4,0.3,1.2,0.19374947883382485,0.26734400306340506
4181605174,0.038677030425236264,1.3,1.6,3.3,0.7,0.25265321740844954,0.33655519548719853
3976085120.0,,,,,,,
713723072738639872,0.0024313661894161103,2.2,2.3,0.5,0.6,0.07945465272791494,0.05202936550695904
709182829037375489,0.012907437350993261,0.2,2.3,0.4,0.3,0.12588928944948308,0.19466773728450495
728782203706953735,0.009037049400998034,0.4,0.8,1.7,0.6,0.09286695366967546,0.15881746424200632
223896073,0.14577620294303828,0.9,1.6,1.3,1.2,0.4848645828256039,0.5768086562548855
88616527,0.005778300973814037,1.4,1.1,0.9,1.8,0.06263387811083082,0.11956986651967942
16456395,0.07519311407072778,3.5,1.4,1.8,1.9,0.3039573320934062,0.4540057291614072
484383350,0.007183846426565749,1.2,1.2,0.5,0.8,0.23688377651035014,0.13802618960216584
3000261851,0.11693596663244112,4.5,2.1,3.3,4.7,0.6884177623265628,0.5361761477678701
3245152763,0.023811568542435598,4.5,2.3,4.6,4.5,0.25265321740844954,0.26734400306340506
177713042,0.007183846426565749,0.4,2.2,0.8,0.9,0.07945465272791494,0.13802618960216584
41642243.0,,,,,,,
35878835,0.008048111281043234,2.2,1.1,3.7,2.1,0.15685510336103622,0.14812070832967303
768964625685737472,0.006431292840898396,1.1,1.2,2.0,0.7,0.10827700665723966,0.1285158337598371
556969755,0.1998825988113924,2.2,3.3,1.7,2.3,0.6698271269837389,0.635706839522915
776087453627215872,0.008048111281043234,1.5,1.6,2.5,1.0,0.15685510336103622,0.14812070832967303
3218730767,0.005213309669283597,0.3,1.2,1.2,0.6,0.08592399976334196,0.11116719108518804
186506052,0.18030310025096605,3.4,1.5,1.2,2.5,0.6698271269837389,0.6164280626387617
4707467188,0.24446254495086733,2.9,3.2,3.9,2.5,0.46359219069702307,0.6729387518017023
762318823,0.3254134937439308,2.5,2.8,3.1,3.0,0.6506901031179089,0.7248402160410153
7.403902305162404e+17,,,,,,,
2326435081,0.003116817556886547,0.8,1.0,1.4,1.7,0.06263387811083082,0.07089257330076087
760927577573777408,0.030450444848239933,0.6,2.7,3.6,0.4,0.22180647190550215,0.300816711527256
705192824375869440,0.003116817556886547,1.5,0.8,0.7,1.7,0.04918384795249982,0.07089257330076087
337282624,0.0033536770167744536,1.1,0.9,0.6,0.4,0.04918384795249982,0.07651310672792835
383965436.0,,,,,,,
1475788920,0.0043042404804791,0.8,1.5,0.6,0.3,0.045343501437382056,0.09590276214117437
3020675709,0.003626193494014071,0.7,0.8,1.3,0.6,0.030068974042493608,0.0825396626774012
787105076347228160,0.0043042404804791,3.3,0.8,1.7,3.6,0.20742796687543463,0.09590276214117437
2815660838,0.3110792973771441,4.1,4.3,4.7,3.3,0.9040736566800007,0.7166425706517879
737294036,0.3254134937439308,1.9,2.6,1.9,3.2,0.4848645828256039,0.7248402160410153
709381597405913089,0.007183846426565749,0.4,2.1,1.6,1.4,0.1807672693005155,0.13802618960216584
1171311098,0.0020139366550120737,0.8,0.5,0.6,0.5,0.03265990956683609,0.037980136466376074
4835246710,0.014565852401308765,3.2,0.8,1.0,3.7,0.19374947883382485,0.2079055732880228
599813808,0.009037049400998034,0.2,1.6,0.7,0.4,0.13558257714003935,0.15881746424200632
4653073094,0.010164988287386762,2.9,0.8,0.9,4.3,0.19374947883382485,0.1701324265302999
2806022562,0.003626193494014071,0.5,1.0,0.6,0.5,0.07945465272791494,0.0825396626774012
2393417394,0.003116817556886547,0.4,0.4,0.7,0.4,0.03265990956683609,0.07089257330076087
88458875,0.038677030425236264,1.1,1.6,0.4,0.8,0.40086139116347386,0.33655519548719853
1550823476,0.008048111281043234,0.3,1.6,1.2,0.3,0.07945465272791494,0.14812070832967303
18336239,0.009037049400998034,0.2,1.9,0.3,0.2,0.08592399976334196,0.15881746424200632
17926194,0.007183846426565749,1.8,1.4,3.1,2.6,0.08592399976334196,0.13802618960216584
1729092451.0,,,,,,,
320307136,0.09360841931572118,1.7,1.9,1.0,0.6,0.380551857066998,0.49505756400804624
19467085,0.0023079208238384373,0.3,0.7,0.4,0.4,0.03546593341354506,0.04811366570775446
4180352153,0.26968322684725654,2.3,1.8,1.8,2.1,0.6884177623265628,0.6908019160064479
763830071727493120,0.010164988287386762,0.3,1.0,1.2,0.3,0.08592399976334196,0.1701324265302999
394823585.0,,,,,,,
735880227486715904,0.07519311407072778,0.8,0.9,1.0,0.8,0.14589765727494236,0.4540057291614072
898875680,0.007183846426565749,0.4,1.3,2.0,0.3,0.05333128056896264,0.13802618960216584
3009871927,0.009037049400998034,1.0,0.4,2.5,1.7,0.07945465272791494,0.15881746424200632
92378358,0.18030310025096605,1.1,1.6,2.3,1.6,0.4848645828256039,0.6164280626387617
906933410,0.007183846426565749,0.3,1.5,0.3,0.2,0.09286695366967546,0.13802618960216584
526636421,0.009037049400998034,2.9,1.6,2.0,3.0,0.14589765727494236,0.15881746424200632
2848049341.0,,,,,,,
153537164,0.03435849422907052,1.6,1.0,2.4,1.7,0.28621206238390096,0.3184188561317807
252708695,0.026940288992638697,1.5,1.2,0.9,1.3,0.25265321740844954,0.28378247513569405
872210570.0,,,,,,,
763477398876815361,0.16230758351843008,2.6,2.6,4.2,2.6,0.6506901031179089,0.5967761711282766
787164455834529792,0.06055916271173367,1.0,1.9,2.2,0.8,0.42151725890598224,0.413569897933165
1944110094.0,,,,,,,
747544919485603844,0.11693596663244112,1.4,2.0,1.7,1.7,0.22180647190550215,0.5361761477678701
34617854,0.03435849422907052,0.4,1.8,0.5,0.4,0.3412193545017134,0.3184188561317807
2213110983,0.0019358455432931132,0.3,0.4,0.4,0.3,0.0215615093045025,0.03508264339315584
462520459,0.0029102973297387607,2.3,0.9,0.8,1.6,0.06783456974919343,0.06565556198004287
768600209056145409,0.005778300973814037,1.7,0.9,1.1,1.8,0.10827700665723966,0.11956986651967942
2912697515,0.04342086940555935,2.8,2.8,2.4,2.2,0.2691022464970497,0.3551862170861128
730473876812009472,0.011448498001345467,2.1,1.0,4.1,4.5,0.3039573320934062,0.18207903130928815
20958510,0.026940288992638697,1.3,1.4,1.3,2.2,0.32230602190830704,0.28378247513569405
139631790,0.0043042404804791,0.4,1.0,0.8,0.6,0.05780718298413593,0.09590276214117437
28802658,0.29676876603976116,4.0,3.7,2.3,3.1,0.7866262980972412,0.7081126267613624
3238146594.0,,,,,,,
710489142996631552,0.09360841931572118,0.9,1.9,2.1,0.8,0.36065190656573104,0.49505756400804624
874606098,0.1998825988113924,1.0,2.3,0.6,0.8,0.3039573320934062,0.635706839522915
138446038,0.38545888128841016,1.0,2.2,2.8,3.2,0.6884177623265628,0.7564524646655568
3824278154,0.06747906081432216,4.4,1.4,1.1,1.9,0.2691022464970497,0.4336774335329319
702765464619978752,0.004725361816828223,1.4,1.0,0.6,2.6,0.10030935716061677,0.10328573467123618
785707539342254080,0.26968322684725654,3.1,3.7,3.5,1.3,0.6506901031179089,0.6908019160064479
1566972458,0.009037049400998034,0.7,1.5,1.9,1.5,0.15685510336103622,0.15881746424200632
534513524,0.0021009963244625067,0.6,0.5,0.9,0.8,0.025471598156045747,0.041106740219567735
44041065,0.026940288992638697,2.6,2.9,2.1,1.7,0.44245148142042123,0.28378247513569405
350334606,0.01645230483113907,1.2,1.5,1.5,2.4,0.15685510336103622,0.22179568769021463
2966503372,0.005778300973814037,0.4,0.9,0.4,0.7,0.20742796687543463,0.11956986651967942
790727005,0.038677030425236264,2.9,1.3,2.3,3.0,0.5061919589474342,0.33655519548719853
3067803730.0,,,,,,,
308697957.0,,,,,,,
26583983,0.0043042404804791,0.3,0.9,0.5,0.2,0.03265990956683609,0.09590276214117437
2958943328,0.006431292840898396,0.7,0.5,1.1,1.4,0.08592399976334196,0.1285158337598371
63601368,0.005213309669283597,0.4,0.9,1.5,0.7,0.04178983547133819,0.11116719108518804
21651982,0.03435849422907052,0.4,1.8,0.8,0.6,0.20742796687543463,0.3184188561317807
895579614,0.09360841931572118,0.8,1.8,3.9,2.4,0.20742796687543463,0.49505756400804624
758276525649195008,0.030450444848239933,2.6,1.2,1.7,1.7,0.19374947883382485,0.300816711527256
430883587,0.06055916271173367,1.7,1.7,1.4,1.7,0.380551857066998,0.413569897933165
31445547,0.01859922727344653,0.9,1.6,1.3,0.7,0.13558257714003935,0.23633691139538376
2806133447.0,,,,,,,
112044917,0.24446254495086733,2.7,2.1,1.5,3.4,0.5274968237537414,0.6729387518017023
7.848202045639967e+17,,,,,,,
261502405.0,,,,,,,
759776503458508801,0.026940288992638697,0.7,2.3,1.9,1.6,0.1167953743919475,0.28378247513569405
1252826672.0,,,,,,,
761227011440259073,0.005778300973814037,3.6,1.8,1.1,1.7,0.14589765727494236,0.11956986651967942
42525672,0.011448498001345467,0.5,1.0,1.1,0.3,0.10827700665723966,0.18207903130928815
345004334,0.504016168377861,3.5,3.2,0.7,1.4,0.8138717339737572,0.811958127868811
16226605,0.08385114734671234,4.7,4.6,4.6,4.5,0.7405291005715704,0.4744885412906753
2453605819.0,,,,,,,
303214636.0,,,,,,,
525635864,0.010164988287386762,2.9,1.5,1.3,2.5,0.1167953743919475,0.1701324265302999
821212423,0.0018655051726169808,0.4,0.9,0.6,0.9,0.03546593341354506,0.032398754737074244
55115853,0.011448498001345467,1.4,1.6,1.7,2.6,0.16847316644464133,0.18207903130928815
34755858,0.0024313661894161103,2.2,0.5,1.3,1.1,0.038503444945083086,0.05202936550695904
125896734,0.06055916271173367,1.7,1.6,2.9,0.7,0.2691022464970497,0.413569897933165
7.23577767820968e+17,,,,,,,
2519063076,0.38545888128841016,3.6,3.6,2.5,2.7,0.8601677371481485,0.7564524646655568
703736064960286720,0.06747906081432216,3.9,3.2,1.6,2.8,0.5905129273413294,0.4336774335329319
568016521,0.009037049400998034,0.5,1.3,2.5,0.4,0.10030935716061677,0.15881746424200632
1539718424,0.008048111281043234,1.1,1.6,3.1,0.5,0.25265321740844954,0.14812070832967303
771751959518937088,0.29676876603976116,2.1,2.8,0.8,2.9,0.5697317833219949,0.7081126267613624
2310892912,0.0029102973297387607,0.9,0.7,0.4,0.6,0.04918384795249982,0.06565556198004287
4864056067,0.1998825988113924,3.1,2.8,1.7,2.4,0.19374947883382485,0.635706839522915
565564170,0.038677030425236264,2.9,4.0,4.7,2.1,0.7064204238004218,0.33655519548719853
253263494,0.009037049400998034,2.4,1.5,0.4,2.6,0.13558257714003935,0.15881746424200632
3319032103.0,,,,,,,
22442522,0.007183846426565749,1.9,1.0,1.4,4.1,0.07343326191269153,0.13802618960216584
324073939,0.0029102973297387607,0.3,1.4,0.4,0.3,0.027677698437753848,0.06565556198004287
22840485,0.03435849422907052,1.0,1.3,0.7,0.8,0.08592399976334196,0.3184188561317807
4914851213,0.14577620294303828,4.6,2.6,1.1,4.3,0.8005982245473489,0.5768086562548855
1560762882.0,,,,,,,
905790878,0.0020139366550120737,1.4,0.9,0.7,2.4,0.10030935716061677,0.037980136466376074
4875977234,0.06055916271173367,0.7,2.3,2.0,1.5,0.46359219069702307,0.413569897933165
2450202811.0,,,,,,,
4886536384.0,,,,,,,
3401065107.0,,,,,,,
702651888433545216,0.04342086940555935,1.4,2.7,1.1,2.5,0.23688377651035014,0.3551862170861128
16734195,0.0033536770167744536,0.3,0.9,1.3,0.3,0.06783456974919343,0.07651310672792835
47725219,0.0027296301902785666,1.2,0.9,1.1,0.5,0.06263387811083082,0.06078011352084069
2361511387,0.03435849422907052,0.7,1.9,1.6,0.7,0.16847316644464133,0.3184188561317807
738980966245371904,0.011448498001345467,0.6,1.3,1.3,0.6,0.10827700665723966,0.18207903130928815
28263009,0.009037049400998034,0.8,1.4,0.6,0.3,0.1167953743919475,0.15881746424200632
700809082228183040,0.038677030425236264,2.3,2.4,1.0,2.6,0.380551857066998,0.33655519548719853
2940884871.0,,,,,,,
3228692530,0.021041094138717433,0.7,1.6,2.5,0.9,0.2691022464970497,0.25152334764543
3092104477,0.0021009963244625067,1.0,0.3,0.7,1.1,0.03546593341354506,0.041106740219567735
2221921292,0.01859922727344653,0.3,0.5,2.0,0.5,0.13558257714003935,0.23633691139538376
550231723.0,,,,,,,
792069467878588416,0.038677030425236264,2.3,0.9,1.9,3.3,0.32230602190830704,0.33655519548719853
7.345863185173709e+17,,,,,,,
1719331698.0,,,,,,,
453300359,0.003116817556886547,2.5,1.0,1.1,1.1,0.06263387811083082,0.07089257330076087
771844539925434368,0.030450444848239933,2.9,2.0,3.3,1.6,0.3412193545017134,0.300816711527256
601486754.0,,,,,,,
696456921260421121,0.003116817556886547,1.7,1.1,2.0,1.3,0.05780718298413593,0.07089257330076087
4707720906,0.003626193494014071,1.4,0.6,3.1,0.8,0.05333128056896264,0.0825396626774012
7.127297216712663e+17,,,,,,,
2432959686.0,,,,,,,
4259585000,0.004725361816828223,1.8,0.8,0.6,1.0,0.19374947883382485,0.10328573467123618
789934437911830528,0.005213309669283597,1.2,1.4,1.7,1.5,0.14589765727494236,0.11116719108518804
2897907727,0.0018655051726169808,0.3,0.4,0.3,0.3,0.027677698437753848,0.032398754737074244
625610952.0,,,,,,,
632293012,0.002571043998532308,0.6,0.4,0.6,0.4,0.05333128056896264,0.05624491210051878
540323881.0,,,,,,,
3551147605,0.07519311407072778,4.5,2.9,3.1,4.7,0.6310548366819692,0.4540057291614072
7.096902514224046e+17,,,,,,,
3077426913.0,,,,,,,
63357527,0.026940288992638697,3.8,1.9,2.9,3.9,0.5274968237537414,0.28378247513569405
38924399.0,,,,,,,
1582740931.0,,,,,,,
460238036,0.014565852401308765,0.3,1.0,1.2,0.5,0.10030935716061677,0.2079055732880228
7.280748715073249e+17,,,,,,,
1291664504.0,,,,,,,
68300343,0.13065598435976788,4.3,2.8,2.6,4.3,0.8794616900661685,0.5565870373496533
720347456102248448,0.11693596663244112,4.3,2.4,1.6,4.1,0.5061919589474342,0.5361761477678701
4854039225,0.3254134937439308,4.4,2.3,3.5,4.4,0.8964140695210783,0.7248402160410153
782036960915386368,0.04861529098537897,2.7,2.5,1.3,1.4,0.380551857066998,0.3742667881821624
44539658,0.07519311407072778,2.4,1.9,4.1,2.2,0.40086139116347386,0.4540057291614072
760732579528073216,0.0024313661894161103,2.5,0.6,1.1,1.5,0.06263387811083082,0.05202936550695904
1930900658,0.4158259511579834,4.5,2.9,1.4,4.0,0.826453203646374,0.7713044789889335
1289323322.0,,,,,,,
796742695,0.007183846426565749,2.2,2.0,2.3,1.1,0.23688377651035014,0.13802618960216584
17756228,0.011448498001345467,2.6,0.8,2.2,1.7,0.23688377651035014,0.18207903130928815
4503128412,0.009037049400998034,0.7,0.7,2.3,0.8,0.1807672693005155,0.15881746424200632
33981619,0.003626193494014071,1.2,0.9,0.9,0.6,0.06783456974919343,0.0825396626774012
316223933,0.0021984408773070953,0.3,1.4,0.4,0.3,0.038503444945083086,0.04447883217419818
705483630882246660,0.005213309669283597,2.8,1.3,1.2,2.1,0.19374947883382485,0.11116719108518804
2774375779,0.0027296301902785666,3.0,0.7,1.3,1.5,0.03546593341354506,0.06078011352084069
782971251887407104,0.005778300973814037,1.6,1.4,1.9,0.9,0.08592399976334196,0.11956986651967942
744902624.0,,,,,,,
717338356590321664,0.005778300973814037,2.5,0.8,1.6,3.6,0.14589765727494236,0.11956986651967942
2991758393,0.005778300973814037,0.6,1.0,1.6,0.3,0.13558257714003935,0.11956986651967942
788122948318138368,0.009037049400998034,1.7,2.1,1.9,1.1,0.1167953743919475,0.15881746424200632
780577710716223489,0.8731487918871739,4.8,4.6,3.7,2.2,0.9555609444966139,0.9459854875837471
3446851336,0.023811568542435598,0.4,1.2,1.7,0.3,0.22180647190550215,0.26734400306340506
3385929795,0.005778300973814037,0.4,1.4,0.5,0.4,0.10030935716061677,0.11956986651967942
466717640,0.05430460982015838,1.4,2.1,1.1,3.9,0.2691022464970497,0.393746460000491
542961492.0,,,,,,,
3309069325,0.01645230483113907,3.8,1.2,2.1,4.2,0.20742796687543463,0.22179568769021463
779563097237303296,0.13065598435976788,1.3,1.3,1.1,0.9,0.20742796687543463,0.5565870373496533
4033291282,0.010164988287386762,4.8,2.3,1.0,4.2,0.25265321740844954,0.1701324265302999
758488910305628160,0.006431292840898396,0.2,0.9,0.4,0.5,0.1167953743919475,0.1285158337598371
1041238519,0.008048111281043234,4.0,0.6,1.1,3.9,0.1807672693005155,0.14812070832967303
29315398.0,,,,,,,
177702195,0.0033536770167744536,3.1,1.0,0.6,1.6,0.09286695366967546,0.07651310672792835
935145523,0.009037049400998034,1.7,2.8,4.6,2.4,0.2691022464970497,0.15881746424200632
7.761228788361544e+17,,,,,,,
871881092,0.006431292840898396,1.4,1.4,2.4,1.4,0.14589765727494236,0.1285158337598371
3344355014,0.014565852401308765,1.9,0.6,2.0,0.9,0.10827700665723966,0.2079055732880228
125042858,0.08385114734671234,1.1,1.5,2.6,1.5,0.36065190656573104,0.4744885412906753
748964694388453377,0.04861529098537897,1.5,1.0,2.6,1.2,0.28621206238390096,0.3742667881821624
197442186,0.0027296301902785666,1.4,1.0,1.3,2.1,0.04918384795249982,0.06078011352084069
3689630715,0.003940623559956331,1.2,1.9,1.5,0.7,0.09286695366967546,0.08899515596679244
2384630372,0.004725361816828223,0.3,1.0,0.7,0.2,0.03546593341354506,0.10328573467123618
7.956585561376768e+17,,,,,,,
756972232690110464,0.038677030425236264,4.4,3.0,1.4,4.1,0.6884177623265628,0.33655519548719853
120818659,0.38545888128841016,3.6,2.2,2.6,2.6,0.6109757209767682,0.7564524646655568
298117237,0.06747906081432216,4.0,2.3,2.4,4.2,0.3412193545017134,0.4336774335329319
2390056830,0.005213309669283597,0.7,0.9,0.5,0.3,0.10827700665723966,0.11116719108518804
14354402,0.0018018679035892223,0.9,0.6,0.8,0.8,0.04178983547133819,0.029913823351421277
2530520976.0,,,,,,,
22019645,0.0029102973297387607,0.5,0.8,0.6,0.2,0.04178983547133819,0.06565556198004287
7.695418653390971e+17,,,,,,,
559645321,0.06747906081432216,3.0,1.6,1.1,1.0,0.42151725890598224,0.4336774335329319
3243417940.0,,,,,,,
4897039492,0.14577620294303828,3.0,2.1,1.9,1.3,0.5697317833219949,0.5768086562548855
2396856942,0.07519311407072778,3.3,2.5,2.3,4.5,0.5905129273413294,0.4540057291614072
292597626,0.021041094138717433,0.8,1.6,0.9,0.3,0.10827700665723966,0.25152334764543
786224810271600640,0.030450444848239933,3.1,1.6,1.3,3.0,0.22180647190550215,0.300816711527256
410073869,0.0027296301902785666,1.0,1.0,1.2,0.8,0.07343326191269153,0.06078011352084069
785312859806760961,0.16230758351843008,4.0,2.3,2.8,4.4,0.6698271269837389,0.5967761711282766
1942253473,0.06055916271173367,3.6,3.1,1.4,3.2,0.6310548366819692,0.413569897933165
21897322,0.005213309669283597,0.2,1.9,0.5,0.3,0.07343326191269153,0.11116719108518804
138264201,0.1998825988113924,2.7,3.0,2.5,2.0,0.40086139116347386,0.635706839522915
415646327,0.0033536770167744536,0.8,1.2,0.4,0.8,0.08592399976334196,0.07651310672792835
529662586,0.4458600035841122,3.2,2.9,4.0,4.1,0.7064204238004218,0.7855076010068447
4320678946,0.004725361816828223,0.8,1.2,1.4,0.7,0.07343326191269153,0.10328573467123618
2866860610.0,,,,,,,
4319735420,0.0029102973297387607,0.7,1.1,2.2,0.3,0.05780718298413593,0.06565556198004287
78058235,0.01859922727344653,2.4,1.6,1.6,1.9,0.20742796687543463,0.23633691139538376
2802845137,0.023811568542435598,1.6,0.9,1.5,1.7,0.3039573320934062,0.26734400306340506
1648119618,0.0029102973297387607,0.5,1.0,0.8,1.3,0.06263387811083082,0.06565556198004287
785592554746109952,0.023811568542435598,1.3,0.8,2.3,1.5,0.16847316644464133,0.26734400306340506
712438702690013184,0.0027296301902785666,0.5,0.6,0.6,0.7,0.06783456974919343,0.06078011352084069
516955813,0.0021984408773070953,3.3,0.7,1.3,2.3,0.06263387811083082,0.04447883217419818
4921629861,0.06055916271173367,4.1,2.1,2.6,4.0,0.5487020083865324,0.413569897933165
701176085166292993,0.003116817556886547,1.7,0.9,1.5,0.9,0.1167953743919475,0.07089257330076087
2171469827,0.030450444848239933,2.2,3.2,3.6,1.5,0.3412193545017134,0.300816711527256
3330340317,0.0043042404804791,0.3,1.6,0.6,0.4,0.08592399976334196,0.09590276214117437
113542664.0,,,,,,,
3358911393.0,,,,,,,
446574633,0.002571043998532308,0.8,0.5,0.8,0.6,0.027677698437753848,0.05624491210051878
75281906,0.010164988287386762,2.5,1.0,2.2,1.0,0.22180647190550215,0.1701324265302999
2303776496,0.003116817556886547,1.5,0.6,1.0,3.0,0.07343326191269153,0.07089257330076087
88494677,0.021041094138717433,0.8,1.4,2.1,2.1,0.3039573320934062,0.25152334764543
710212680078983168,0.04861529098537897,2.4,1.6,2.5,3.3,0.32230602190830704,0.3742667881821624
158453150,0.07519311407072778,1.2,2.1,2.0,0.6,0.16847316644464133,0.4540057291614072
4922690980,0.0027296301902785666,1.4,0.8,0.8,0.8,0.04178983547133819,0.06078011352084069
948986054,0.0027296301902785666,1.5,1.3,1.6,0.6,0.05333128056896264,0.06078011352084069
475056290.0,,,,,,,
526799287,0.008048111281043234,0.6,0.8,0.5,0.9,0.12588928944948308,0.14812070832967303
1569282708.0,,,,,,,
7.750044503438172e+17,,,,,,,
3180980808.0,,,,,,,
4228788018,0.4158259511579834,2.2,1.8,1.7,1.2,0.5697317833219949,0.7713044789889335
2906025137.0,,,,,,,
3017783978,0.014565852401308765,0.9,1.4,1.3,1.1,0.23688377651035014,0.2079055732880228
983350082,0.006431292840898396,0.5,1.3,1.0,0.4,0.10827700665723966,0.1285158337598371
774939332541022208,0.0027296301902785666,0.6,1.3,1.7,0.4,0.09286695366967546,0.06078011352084069
165129147,0.009037049400998034,1.6,1.4,3.1,1.7,0.09286695366967546,0.15881746424200632
7.939659686533243e+17,,,,,,,
3147932060,0.012907437350993261,2.2,0.7,1.8,1.0,0.23688377651035014,0.19466773728450495
2783031186.0,,,,,,,
1267361276,0.04342086940555935,2.9,2.2,2.0,1.6,0.16847316644464133,0.3551862170861128
708526065795276800,0.005213309669283597,2.3,1.6,2.5,0.8,0.32230602190830704,0.11116719108518804
799930255,0.008048111281043234,0.5,0.8,2.8,1.1,0.2691022464970497,0.14812070832967303
415114452.0,,,,,,,
374284455,0.03435849422907052,1.8,1.6,3.3,1.2,0.2691022464970497,0.3184188561317807
705435996876312576,0.023811568542435598,3.4,1.1,2.6,2.7,0.42151725890598224,0.26734400306340506
915174608,0.0033536770167744536,1.2,2.0,1.0,0.5,0.13558257714003935,0.07651310672792835
738452826494533632,0.005213309669283597,0.8,0.9,1.7,1.5,0.1167953743919475,0.11116719108518804
4267479933,0.06055916271173367,1.9,2.8,1.7,1.6,0.32230602190830704,0.413569897933165
716312003283787776,0.11693596663244112,2.3,2.6,3.4,2.3,0.3039573320934062,0.5361761477678701
256844923,0.005778300973814037,1.0,0.6,0.9,0.7,0.10827700665723966,0.11956986651967942
14464961,0.18030310025096605,0.9,1.9,1.1,1.0,0.2691022464970497,0.6164280626387617
140846763,0.030450444848239933,2.2,1.8,1.1,2.1,0.12588928944948308,0.300816711527256
703400380164612096,0.005778300973814037,0.9,1.4,0.4,1.2,0.23688377651035014,0.11956986651967942
727348590507642880,0.005778300973814037,1.0,0.8,0.8,2.0,0.08592399976334196,0.11956986651967942
21426342,0.18030310025096605,1.6,3.0,0.6,0.9,0.6109757209767682,0.6164280626387617
1725530989,0.06747906081432216,3.1,1.6,3.0,4.2,0.5274968237537414,0.4336774335329319
4851318494,0.006431292840898396,0.8,1.2,1.7,0.3,0.16847316644464133,0.1285158337598371
16252985,0.003626193494014071,1.4,0.6,0.7,0.9,0.06783456974919343,0.0825396626774012
2990295207,0.004725361816828223,1.2,1.0,0.9,0.4,0.038503444945083086,0.10328573467123618
750042359442780161,0.030450444848239933,0.5,2.0,0.4,1.3,0.13558257714003935,0.300816711527256
856933050,0.038677030425236264,2.0,2.9,4.4,0.7,0.1807672693005155,0.33655519548719853
705205328388952064,0.011448498001345467,1.4,1.6,1.7,1.3,0.19374947883382485,0.18207903130928815
2566114600,0.0021984408773070953,1.0,0.4,1.2,0.6,0.04178983547133819,0.04447883217419818
737315404758945792,0.005213309669283597,1.5,1.0,1.4,1.2,0.04178983547133819,0.11116719108518804
21009217.0,,,,,,,
7.641845832523776e+17,,,,,,,
16598023,0.005213309669283597,2.3,1.0,1.3,0.7,0.12588928944948308,0.11116719108518804
154511355,0.0033536770167744536,0.4,0.5,0.8,0.4,0.038503444945083086,0.07651310672792835
4543277654,0.007183846426565749,2.1,0.9,0.8,3.3,0.08592399976334196,0.13802618960216584
2847348915,0.04342086940555935,4.5,3.2,2.3,3.9,0.7238002465135849,0.3551862170861128
714878737381101568,0.29676876603976116,0.5,1.9,1.2,0.3,0.5905129273413294,0.7081126267613624
468215851,0.08385114734671234,1.9,2.1,1.7,3.4,0.3039573320934062,0.4744885412906753
443798484,0.003116817556886547,3.3,1.2,1.9,1.8,0.23688377651035014,0.07089257330076087
3886099279,0.35515431108103784,3.9,2.5,2.2,3.9,0.7238002465135849,0.7409598586102422
768267059495071744,0.014565852401308765,2.9,1.6,1.7,4.5,0.22180647190550215,0.2079055732880228
789791812340834304,0.18030310025096605,3.2,3.2,4.4,3.6,0.6506901031179089,0.6164280626387617
783476734947622912,0.012907437350993261,2.6,1.0,0.9,1.9,0.12588928944948308,0.19466773728450495
21832036,0.014565852401308765,1.7,2.1,1.5,0.7,0.22180647190550215,0.2079055732880228
1102507878,0.18030310025096605,0.9,2.2,1.5,0.7,0.44245148142042123,0.6164280626387617
71388055,0.003116817556886547,2.4,1.1,2.2,0.9,0.06783456974919343,0.07089257330076087
763130254231756802,0.18030310025096605,2.9,3.1,2.7,2.6,0.4848645828256039,0.6164280626387617
39843438,0.004725361816828223,1.0,1.0,3.9,0.7,0.16847316644464133,0.10328573467123618
18726975,0.002571043998532308,0.4,1.0,0.5,0.2,0.03265990956683609,0.05624491210051878
30532868,0.04861529098537897,1.6,1.8,1.4,0.5,0.4848645828256039,0.3742667881821624
351087735,0.011448498001345467,1.2,1.1,2.5,2.6,0.10030935716061677,0.18207903130928815
838731198,0.011448498001345467,0.8,1.7,2.2,0.4,0.13558257714003935,0.18207903130928815
218479755,0.0020139366550120737,0.3,0.4,0.5,0.5,0.04918384795249982,0.037980136466376074
2309120941,0.009037049400998034,3.2,1.4,0.8,3.9,0.09286695366967546,0.15881746424200632
2237957448,0.007183846426565749,0.3,1.2,0.8,0.6,0.09286695366967546,0.13802618960216584
1283962532.0,,,,,,,
411607075,0.005213309669283597,1.5,1.2,0.9,0.9,0.10827700665723966,0.11116719108518804
4761425001,0.4458600035841122,4.0,3.0,3.2,4.0,0.8005982245473489,0.7855076010068447
118825734,0.005778300973814037,0.6,1.4,0.9,0.9,0.10030935716061677,0.11956986651967942
2384379247.0,,,,,,,
129588368,0.0029102973297387607,0.4,0.6,1.9,0.8,0.04918384795249982,0.06565556198004287
1908079339,0.06747906081432216,3.8,1.0,4.4,2.5,0.32230602190830704,0.4336774335329319
64446330,0.007183846426565749,0.9,0.9,0.5,0.3,0.10030935716061677,0.13802618960216584
17586038,0.04861529098537897,0.5,0.9,1.0,0.6,0.2691022464970497,0.3742667881821624
367463763.0,,,,,,,
1537088066,0.002571043998532308,0.6,0.6,1.0,0.4,0.045343501437382056,0.05624491210051878
3950708835,0.023811568542435598,1.4,0.8,1.8,1.5,0.44245148142042123,0.26734400306340506
4421492243,0.14577620294303828,1.9,2.8,3.6,1.5,0.44245148142042123,0.5768086562548855
33198887.0,,,,,,,
756902627510657024,0.47530138941405353,4.1,2.1,2.7,3.8,0.7238002465135849,0.7990584410047699
54057190,0.01645230483113907,3.3,1.3,1.2,2.2,0.36065190656573104,0.22179568769021463
3308354227,0.006431292840898396,1.6,1.6,0.5,1.1,0.06783456974919343,0.1285158337598371
594286145,0.0018655051726169808,1.4,0.4,0.9,2.8,0.03546593341354506,0.032398754737074244
2355325178.0,,,,,,,
1925392736,0.023811568542435598,2.1,2.2,1.9,2.8,0.23688377651035014,0.26734400306340506
3308305813,0.04861529098537897,1.4,1.1,2.9,0.9,0.32230602190830704,0.3742667881821624
756567239302799360,0.014565852401308765,1.4,1.4,2.8,1.7,0.15685510336103622,0.2079055732880228
115496935.0,,,,,,,
765981647472918528,0.010164988287386762,3.8,1.9,1.9,1.5,0.3039573320934062,0.1701324265302999
767465035815723008,0.011448498001345467,2.9,1.2,2.1,3.0,0.46359219069702307,0.18207903130928815
391069836.0,,,,,,,
82146277,0.03435849422907052,0.7,3.1,1.9,0.5,0.25265321740844954,0.3184188561317807
823149192,0.012907437350993261,0.3,1.5,1.7,0.6,0.12588928944948308,0.19466773728450495
791089712043814912,0.011448498001345467,0.4,1.2,0.5,0.9,0.14589765727494236,0.18207903130928815
2823620637,0.09360841931572118,4.4,2.7,2.5,3.2,0.5487020083865324,0.49505756400804624
79884891,0.007183846426565749,1.9,1.6,1.0,0.9,0.12588928944948308,0.13802618960216584
4916967253,0.01859922727344653,2.9,2.5,2.9,1.7,0.28621206238390096,0.23633691139538376
3608251214,0.005213309669283597,1.3,1.5,1.2,0.8,0.13558257714003935,0.11116719108518804
2276689928,0.0021009963244625067,0.8,0.6,1.5,1.0,0.05780718298413593,0.041106740219567735
519792213.0,,,,,,,
30644500,0.026940288992638697,3.3,1.5,1.0,2.5,0.10030935716061677,0.28378247513569405
2652244453,0.0029102973297387607,2.3,1.5,1.2,1.5,0.13558257714003935,0.06565556198004287
299217560,0.01859922727344653,1.0,1.8,0.9,1.6,0.1167953743919475,0.23633691139538376
2546827690.0,,,,,,,
3333300262,0.012907437350993261,0.5,1.2,0.9,0.6,0.14589765727494236,0.19466773728450495
1172831154,0.18030310025096605,4.1,3.1,2.2,3.8,0.5061919589474342,0.6164280626387617
827902934,0.003940623559956331,1.1,0.7,1.0,1.1,0.06263387811083082,0.08899515596679244
2895412363,0.0043042404804791,2.8,1.4,2.6,3.2,0.10030935716061677,0.09590276214117437
768413494534369281,0.01859922727344653,0.6,1.2,0.6,0.6,0.10827700665723966,0.23633691139538376
3368634886.0,,,,,,,
3098330383.0,,,,,,,
950133506,0.002571043998532308,0.6,0.7,1.4,1.8,0.045343501437382056,0.05624491210051878
2893768217.0,,,,,,,
700687899,0.011448498001345467,1.0,1.1,2.1,1.8,0.13558257714003935,0.18207903130928815
136331968,0.4158259511579834,3.1,2.1,3.1,3.0,0.7238002465135849,0.7713044789889335
614787753.0,,,,,,,
740976175716130816,0.026940288992638697,1.3,1.4,1.2,1.6,0.28621206238390096,0.28378247513569405
64386653,0.03435849422907052,3.5,1.8,3.0,2.1,0.12588928944948308,0.3184188561317807
16233448,0.0029102973297387607,0.4,0.5,0.8,0.3,0.038503444945083086,0.06565556198004287
1669518787,0.0024313661894161103,0.9,1.0,1.0,0.3,0.06783456974919343,0.05202936550695904
1247454686,0.06747906081432216,2.2,1.4,2.2,2.1,0.25265321740844954,0.4336774335329319
3066573123,0.10460347933351005,0.7,3.3,0.9,1.0,0.5061919589474342,0.5156433305312286
1668588985,0.009037049400998034,0.3,1.5,0.9,0.3,0.07343326191269153,0.15881746424200632
545510456,0.03435849422907052,3.3,1.9,1.8,2.5,0.1807672693005155,0.3184188561317807
906620078,0.26968322684725654,2.8,1.8,1.6,2.3,0.380551857066998,0.6908019160064479
3214757596,0.03435849422907052,0.4,2.3,0.4,0.5,0.13558257714003935,0.3184188561317807
3092589363.0,,,,,,,
2815354560,0.504016168377861,4.5,3.4,0.6,3.7,0.9112229533096339,0.811958127868811
42930536,0.10460347933351005,1.4,1.5,1.7,0.7,0.3039573320934062,0.5156433305312286
3905363417,0.18030310025096605,4.3,2.5,1.3,3.7,0.7238002465135849,0.6164280626387617
7.319470194392146e+17,,,,,,,
49393232.0,,,,,,,
248839551,0.0027296301902785666,0.5,1.4,0.6,0.5,0.045343501437382056,0.06078011352084069
409384934,0.003116817556886547,0.2,1.5,0.5,0.4,0.045343501437382056,0.07089257330076087
705870770308644864,0.023811568542435598,1.8,1.0,4.6,0.8,0.3039573320934062,0.26734400306340506
6.957395965005578e+17,,,,,,,
764517032557735936,0.012907437350993261,1.0,0.9,1.5,1.0,0.13558257714003935,0.19466773728450495
787473361056239616,0.22121616027906205,0.7,2.1,2.0,0.9,0.7565854729457974,0.6545596461071505
7.051889493045658e+17,,,,,,,
2313924379,0.0021009963244625067,0.8,0.3,0.5,4.0,0.0215615093045025,0.041106740219567735
7.939084090871726e+17,,,,,,,
271109703,0.004725361816828223,1.1,1.4,1.2,0.4,0.05333128056896264,0.10328573467123618
1097225142,0.03435849422907052,1.9,0.9,2.9,1.7,0.15685510336103622,0.3184188561317807
739944055241617408,0.35515431108103784,3.3,2.4,3.1,4.7,0.7238002465135849,0.7409598586102422
570222582,0.0027296301902785666,0.3,0.4,0.3,0.5,0.04178983547133819,0.06078011352084069
702275411313426432,0.014565852401308765,2.4,2.2,2.3,0.4,0.05333128056896264,0.2079055732880228
783494805221441536,0.13065598435976788,2.5,2.8,1.6,2.0,0.22180647190550215,0.5565870373496533
59290642,0.10460347933351005,4.2,2.8,4.2,3.7,0.5061919589474342,0.5156433305312286
7.385863358799544e+17,,,,,,,
2998441830,0.06055916271173367,3.1,2.3,2.1,3.9,0.46359219069702307,0.413569897933165
3106728217,0.021041094138717433,0.9,1.2,0.9,0.4,0.1167953743919475,0.25152334764543
296627383,0.003116817556886547,1.4,1.2,1.1,0.8,0.027677698437753848,0.07089257330076087
4064337137,0.023811568542435598,1.5,1.7,1.7,1.2,0.10827700665723966,0.26734400306340506
754123244509298688,0.1998825988113924,1.8,2.5,1.1,0.5,0.32230602190830704,0.635706839522915
51331402,0.0027296301902785666,0.4,0.4,1.5,0.5,0.030068974042493608,0.06078011352084069
3527398698,0.0027296301902785666,2.0,0.5,1.1,1.5,0.1167953743919475,0.06078011352084069
3028521775.0,,,,,,,
2438858671,0.030450444848239933,1.1,2.0,1.0,2.0,0.22180647190550215,0.300816711527256
4896201527,0.06747906081432216,3.0,2.3,3.5,2.3,0.32230602190830704,0.4336774335329319
403715681,0.16230758351843008,2.8,1.9,2.2,2.9,0.25265321740844954,0.5967761711282766
254291652,0.0024313661894161103,0.8,0.5,1.4,0.5,0.03265990956683609,0.05202936550695904
508102147.0,,,,,,,
768913789207142400,0.16230758351843008,3.8,2.6,2.5,3.4,0.4848645828256039,0.5967761711282766
569319754.0,,,,,,,
777002282865070080,0.005778300973814037,1.1,1.3,0.9,0.8,0.1807672693005155,0.11956986651967942
